analysis_panel,state,method,buffer_m,variable,n_units,n_islands,moran_i,expected_i,variance_norm,z_norm,p_norm,significant_p_norm,status,weights_sha256,analysis_scope,frozen_weight_method,frozen_weight_variable,mean,std,alpha,weight_transformation,permutations,random_seed,run,eligibility_status,direction
five_state_radius_sensitivity,CA,WUI-P,100,p_a,58,0,0.187335879834,-0.017543859649,0.006704220806,2.50221635533,0.012341847691,True,FORMAL_COMPLETE,3125eee1efdeed67dbd25544efb39fbefa20f98cba387834d67348e84a9f645c,,,,,,,,,,,,
five_state_radius_sensitivity,CA,WUI-P,100,p_s,58,0,0.273455238068,-0.017543859649,0.006704220806,3.554000525048,0.000379418456,True,FORMAL_COMPLETE,3125eee1efdeed67dbd25544efb39fbefa20f98cba387834d67348e84a9f645c,,,,,,,,,,,,
five_state_radius_sensitivity,CA,WUI-P,200,p_a,58,0,0.11226420011,-0.017543859649,0.006704220806,1.585358566945,0.112884889317,False,FORMAL_COMPLETE,3125eee1efdeed67dbd25544efb39fbefa20f98cba387834d67348e84a9f645c,,,,,,,,,,,,
five_state_radius_sensitivity,CA,WUI-P,200,p_s,58,0,0.270548945997,-0.017543859649,0.006704220806,3.518505694895,0.000433984501,True,FORMAL_COMPLETE,3125eee1efdeed67dbd25544efb39fbefa20f98cba387834d67348e84a9f645c,,,,,,,,,,,,
five_state_radius_sensitivity,CA,WUI-P,300,p_a,58,0,0.088428173514,-0.017543859649,0.006704220806,1.294246836014,0.195580173619,False,FORMAL_COMPLETE,3125eee1efdeed67dbd25544efb39fbefa20f98cba387834d67348e84a9f645c,,,,,,,,,,,,
five_state_radius_sensitivity,CA,WUI-P,300,p_s,58,0,0.173304292071,-0.017543859649,0.006704220806,2.330847197602,0.019761418378,True,FORMAL_COMPLETE,3125eee1efdeed67dbd25544efb39fbefa20f98cba387834d67348e84a9f645c,,,,,,,,,,,,
five_state_radius_sensitivity,CA,WUI-P,400,p_a,58,0,0.145687884729,-0.017543859649,0.006704220806,1.993565305791,0.046199580039,True,FORMAL_COMPLETE,3125eee1efdeed67dbd25544efb39fbefa20f98cba387834d67348e84a9f645c,,,,,,,,,,,,
five_state_radius_sensitivity,CA,WUI-P,400,p_s,58,0,0.149587348115,-0.017543859649,0.006704220806,2.04118983463,0.041231961731,True,FORMAL_COMPLETE,3125eee1efdeed67dbd25544efb39fbefa20f98cba387834d67348e84a9f645c,,,,,,,,,,,,
five_state_radius_sensitivity,CA,WUI-P,500,p_a,58,0,0.139311365305,-0.017543859649,0.006704220806,1.915688248581,0.05540478911,False,FORMAL_COMPLETE,3125eee1efdeed67dbd25544efb39fbefa20f98cba387834d67348e84a9f645c,,,,,,,,,,,,
five_state_radius_sensitivity,CA,WUI-P,500,p_s,58,0,0.157661155298,-0.017543859649,0.006704220806,2.139796033721,0.032371253899,True,FORMAL_COMPLETE,3125eee1efdeed67dbd25544efb39fbefa20f98cba387834d67348e84a9f645c,,,,,,,,,,,,
five_state_radius_sensitivity,CA,WUI-P,600,p_a,58,0,0.144160583184,-0.017543859649,0.006704220806,1.974912222206,0.048278110144,True,FORMAL_COMPLETE,3125eee1efdeed67dbd25544efb39fbefa20f98cba387834d67348e84a9f645c,,,,,,,,,,,,
five_state_radius_sensitivity,CA,WUI-P,600,p_s,58,0,0.153530304388,-0.017543859649,0.006704220806,2.089345546354,0.036676629197,True,FORMAL_COMPLETE,3125eee1efdeed67dbd25544efb39fbefa20f98cba387834d67348e84a9f645c,,,,,,,,,,,,
five_state_radius_sensitivity,CA,WUI-P,700,p_a,58,0,0.150502007198,-0.017543859649,0.006704220806,2.052360655729,0.040134625211,True,FORMAL_COMPLETE,3125eee1efdeed67dbd25544efb39fbefa20f98cba387834d67348e84a9f645c,,,,,,,,,,,,
five_state_radius_sensitivity,CA,WUI-P,700,p_s,58,0,0.145242111948,-0.017543859649,0.006704220806,1.988121039085,0.046798305038,True,FORMAL_COMPLETE,3125eee1efdeed67dbd25544efb39fbefa20f98cba387834d67348e84a9f645c,,,,,,,,,,,,
five_state_radius_sensitivity,CA,WUI-P,800,p_a,58,0,0.152899012216,-0.017543859649,0.006704220806,2.081635513136,0.037375775024,True,FORMAL_COMPLETE,3125eee1efdeed67dbd25544efb39fbefa20f98cba387834d67348e84a9f645c,,,,,,,,,,,,
five_state_radius_sensitivity,CA,WUI-P,800,p_s,58,0,0.14327149065,-0.017543859649,0.006704220806,1.96405364787,0.04952387079,True,FORMAL_COMPLETE,3125eee1efdeed67dbd25544efb39fbefa20f98cba387834d67348e84a9f645c,,,,,,,,,,,,
five_state_radius_sensitivity,CA,WUI-P,900,p_a,58,0,0.152778922495,-0.017543859649,0.006704220806,2.08016884559,0.037510048708,True,FORMAL_COMPLETE,3125eee1efdeed67dbd25544efb39fbefa20f98cba387834d67348e84a9f645c,,,,,,,,,,,,
five_state_radius_sensitivity,CA,WUI-P,900,p_s,58,0,0.140751330104,-0.017543859649,0.006704220806,1.933274679911,0.053202369251,False,FORMAL_COMPLETE,3125eee1efdeed67dbd25544efb39fbefa20f98cba387834d67348e84a9f645c,,,,,,,,,,,,
five_state_radius_sensitivity,CA,WUI-P,1000,p_a,58,0,0.158651417948,-0.017543859649,0.006704220806,2.15189020861,0.031406002613,True,FORMAL_COMPLETE,3125eee1efdeed67dbd25544efb39fbefa20f98cba387834d67348e84a9f645c,,,,,,,,,,,,
five_state_radius_sensitivity,CA,WUI-P,1000,p_s,58,0,0.136425306397,-0.017543859649,0.006704220806,1.88044052803,0.060048064477,False,FORMAL_COMPLETE,3125eee1efdeed67dbd25544efb39fbefa20f98cba387834d67348e84a9f645c,,,,,,,,,,,,
five_state_radius_sensitivity,CA,WUI-S,100,p_a,58,0,0.273648377612,-0.017543859649,0.006704220806,3.556359357245,0.000376029638,True,FORMAL_COMPLETE,3125eee1efdeed67dbd25544efb39fbefa20f98cba387834d67348e84a9f645c,,,,,,,,,,,,
five_state_radius_sensitivity,CA,WUI-S,100,p_s,58,0,0.253427154117,-0.017543859649,0.006704220806,3.309395571158,0.000934976373,True,FORMAL_COMPLETE,3125eee1efdeed67dbd25544efb39fbefa20f98cba387834d67348e84a9f645c,,,,,,,,,,,,
five_state_radius_sensitivity,CA,WUI-S,200,p_a,58,0,0.216531577743,-0.017543859649,0.006704220806,2.85878627775,0.004252651938,True,FORMAL_COMPLETE,3125eee1efdeed67dbd25544efb39fbefa20f98cba387834d67348e84a9f645c,,,,,,,,,,,,
five_state_radius_sensitivity,CA,WUI-S,200,p_s,58,0,0.254362826256,-0.017543859649,0.006704220806,3.320823026783,0.000897524291,True,FORMAL_COMPLETE,3125eee1efdeed67dbd25544efb39fbefa20f98cba387834d67348e84a9f645c,,,,,,,,,,,,
five_state_radius_sensitivity,CA,WUI-S,300,p_a,58,0,0.21595230704,-0.017543859649,0.006704220806,2.851711587838,0.004348453522,True,FORMAL_COMPLETE,3125eee1efdeed67dbd25544efb39fbefa20f98cba387834d67348e84a9f645c,,,,,,,,,,,,
five_state_radius_sensitivity,CA,WUI-S,300,p_s,58,0,0.242173465381,-0.017543859649,0.006704220806,3.171953166736,0.001514174234,True,FORMAL_COMPLETE,3125eee1efdeed67dbd25544efb39fbefa20f98cba387834d67348e84a9f645c,,,,,,,,,,,,
five_state_radius_sensitivity,CA,WUI-S,400,p_a,58,0,0.227264717435,-0.017543859649,0.006704220806,2.989871165649,0.002790951365,True,FORMAL_COMPLETE,3125eee1efdeed67dbd25544efb39fbefa20f98cba387834d67348e84a9f645c,,,,,,,,,,,,
five_state_radius_sensitivity,CA,WUI-S,400,p_s,58,0,0.226865205961,-0.017543859649,0.006704220806,2.984991892826,0.002835858398,True,FORMAL_COMPLETE,3125eee1efdeed67dbd25544efb39fbefa20f98cba387834d67348e84a9f645c,,,,,,,,,,,,
five_state_radius_sensitivity,CA,WUI-S,500,p_a,58,0,0.217116250464,-0.017543859649,0.006704220806,2.865926943042,0.004157901878,True,FORMAL_COMPLETE,3125eee1efdeed67dbd25544efb39fbefa20f98cba387834d67348e84a9f645c,,,,,,,,,,,,
five_state_radius_sensitivity,CA,WUI-S,500,p_s,58,0,0.226618737136,-0.017543859649,0.006704220806,2.981981744888,0.002863890752,True,FORMAL_COMPLETE,3125eee1efdeed67dbd25544efb39fbefa20f98cba387834d67348e84a9f645c,,,,,,,,,,,,
five_state_radius_sensitivity,CA,WUI-S,600,p_a,58,0,0.216849044676,-0.017543859649,0.006704220806,2.862663532545,0.00420096411,True,FORMAL_COMPLETE,3125eee1efdeed67dbd25544efb39fbefa20f98cba387834d67348e84a9f645c,,,,,,,,,,,,
five_state_radius_sensitivity,CA,WUI-S,600,p_s,58,0,0.220176835812,-0.017543859649,0.006704220806,2.903306172122,0.003692454568,True,FORMAL_COMPLETE,3125eee1efdeed67dbd25544efb39fbefa20f98cba387834d67348e84a9f645c,,,,,,,,,,,,
five_state_radius_sensitivity,CA,WUI-S,700,p_a,58,0,0.219276961849,-0.017543859649,0.006704220806,2.892315923138,0.003824131988,True,FORMAL_COMPLETE,3125eee1efdeed67dbd25544efb39fbefa20f98cba387834d67348e84a9f645c,,,,,,,,,,,,
five_state_radius_sensitivity,CA,WUI-S,700,p_s,58,0,0.211671719548,-0.017543859649,0.006704220806,2.799432352902,0.005119254172,True,FORMAL_COMPLETE,3125eee1efdeed67dbd25544efb39fbefa20f98cba387834d67348e84a9f645c,,,,,,,,,,,,
five_state_radius_sensitivity,CA,WUI-S,800,p_a,58,0,0.216761096002,-0.017543859649,0.006704220806,2.861589406766,0.00421522595,True,FORMAL_COMPLETE,3125eee1efdeed67dbd25544efb39fbefa20f98cba387834d67348e84a9f645c,,,,,,,,,,,,
five_state_radius_sensitivity,CA,WUI-S,800,p_s,58,0,0.206783956428,-0.017543859649,0.006704220806,2.739737622467,0.006148824897,True,FORMAL_COMPLETE,3125eee1efdeed67dbd25544efb39fbefa20f98cba387834d67348e84a9f645c,,,,,,,,,,,,
five_state_radius_sensitivity,CA,WUI-S,900,p_a,58,0,0.21511519368,-0.017543859649,0.006704220806,2.841487840254,0.004490356434,True,FORMAL_COMPLETE,3125eee1efdeed67dbd25544efb39fbefa20f98cba387834d67348e84a9f645c,,,,,,,,,,,,
five_state_radius_sensitivity,CA,WUI-S,900,p_s,58,0,0.201308662002,-0.017543859649,0.006704220806,2.67286731457,0.007520599031,True,FORMAL_COMPLETE,3125eee1efdeed67dbd25544efb39fbefa20f98cba387834d67348e84a9f645c,,,,,,,,,,,,
five_state_radius_sensitivity,CA,WUI-S,1000,p_a,58,0,0.215394306392,-0.017543859649,0.006704220806,2.844896671191,0.004442583194,True,FORMAL_COMPLETE,3125eee1efdeed67dbd25544efb39fbefa20f98cba387834d67348e84a9f645c,,,,,,,,,,,,
five_state_radius_sensitivity,CA,WUI-S,1000,p_s,58,0,0.197689802902,-0.017543859649,0.006704220806,2.628669833389,0.008571954074,True,FORMAL_COMPLETE,3125eee1efdeed67dbd25544efb39fbefa20f98cba387834d67348e84a9f645c,,,,,,,,,,,,
five_state_radius_sensitivity,CA,WUI-Z,500,p_a,58,0,0.21874156744,-0.017543859649,0.006704220806,2.885777098705,0.0039044858,True,FORMAL_COMPLETE,3125eee1efdeed67dbd25544efb39fbefa20f98cba387834d67348e84a9f645c,county_within_state_patch75_500m,WUI-P,area_proportion,0.100092005033,0.094492629525,0.05,r,0.0,,run1,ELIGIBLE_FORMAL_N_GE_30,POSITIVE_SIGNIFICANT
five_state_radius_sensitivity,CO,WUI-P,100,p_a,64,0,0.51156880429,-0.015873015873,0.005976317325,6.822722959468,9e-12,True,FORMAL_COMPLETE,24d8522d3f0a65de1ebd45ff426f29fce84800b68c46c984a4bb0d741be2215c,,,,,,,,,,,,
five_state_radius_sensitivity,CO,WUI-P,100,p_s,58,0,0.421083954605,-0.017543859649,0.007311391432,5.129749407144,2.90128e-07,True,FORMAL_COMPLETE,1113739de390527829fe2a9c730e159d81c56f7bcdc62b466cedab449e00785d,,,,,,,,,,,,
five_state_radius_sensitivity,CO,WUI-P,200,p_a,64,0,0.41194451669,-0.015873015873,0.005976317325,5.534033120424,3.1295e-08,True,FORMAL_COMPLETE,24d8522d3f0a65de1ebd45ff426f29fce84800b68c46c984a4bb0d741be2215c,,,,,,,,,,,,
five_state_radius_sensitivity,CO,WUI-P,200,p_s,58,0,0.418589601969,-0.017543859649,0.007311391432,5.100577969447,3.38618e-07,True,FORMAL_COMPLETE,1113739de390527829fe2a9c730e159d81c56f7bcdc62b466cedab449e00785d,,,,,,,,,,,,
five_state_radius_sensitivity,CO,WUI-P,300,p_a,64,0,0.489989121659,-0.015873015873,0.005976317325,6.543579003658,6e-11,True,FORMAL_COMPLETE,24d8522d3f0a65de1ebd45ff426f29fce84800b68c46c984a4bb0d741be2215c,,,,,,,,,,,,
five_state_radius_sensitivity,CO,WUI-P,300,p_s,58,0,0.46636599988,-0.017543859649,0.007311391432,5.659322629261,1.5197e-08,True,FORMAL_COMPLETE,1113739de390527829fe2a9c730e159d81c56f7bcdc62b466cedab449e00785d,,,,,,,,,,,,
five_state_radius_sensitivity,CO,WUI-P,400,p_a,64,0,0.513078519469,-0.015873015873,0.005976317325,6.842251878149,8e-12,True,FORMAL_COMPLETE,24d8522d3f0a65de1ebd45ff426f29fce84800b68c46c984a4bb0d741be2215c,,,,,,,,,,,,
five_state_radius_sensitivity,CO,WUI-P,400,p_s,58,0,0.414529931961,-0.017543859649,0.007311391432,5.053100155358,4.34696e-07,True,FORMAL_COMPLETE,1113739de390527829fe2a9c730e159d81c56f7bcdc62b466cedab449e00785d,,,,,,,,,,,,
five_state_radius_sensitivity,CO,WUI-P,500,p_a,64,0,0.491359470071,-0.015873015873,0.005976317325,6.561305143701,5.3e-11,True,FORMAL_COMPLETE,24d8522d3f0a65de1ebd45ff426f29fce84800b68c46c984a4bb0d741be2215c,,,,,,,,,,,,
five_state_radius_sensitivity,CO,WUI-P,500,p_s,58,0,0.412755392542,-0.017543859649,0.007311391432,5.032346928517,4.84511e-07,True,FORMAL_COMPLETE,1113739de390527829fe2a9c730e159d81c56f7bcdc62b466cedab449e00785d,,,,,,,,,,,,
five_state_radius_sensitivity,CO,WUI-P,600,p_a,64,0,0.495985915527,-0.015873015873,0.005976317325,6.621150522715,3.6e-11,True,FORMAL_COMPLETE,24d8522d3f0a65de1ebd45ff426f29fce84800b68c46c984a4bb0d741be2215c,,,,,,,,,,,,
five_state_radius_sensitivity,CO,WUI-P,600,p_s,58,0,0.422419909751,-0.017543859649,0.007311391432,5.145373393799,2.66989e-07,True,FORMAL_COMPLETE,1113739de390527829fe2a9c730e159d81c56f7bcdc62b466cedab449e00785d,,,,,,,,,,,,
five_state_radius_sensitivity,CO,WUI-P,700,p_a,64,0,0.505238400069,-0.015873015873,0.005976317325,6.740836024135,1.6e-11,True,FORMAL_COMPLETE,24d8522d3f0a65de1ebd45ff426f29fce84800b68c46c984a4bb0d741be2215c,,,,,,,,,,,,
five_state_radius_sensitivity,CO,WUI-P,700,p_s,58,0,0.416084197055,-0.017543859649,0.007311391432,5.071277275427,3.95155e-07,True,FORMAL_COMPLETE,1113739de390527829fe2a9c730e159d81c56f7bcdc62b466cedab449e00785d,,,,,,,,,,,,
five_state_radius_sensitivity,CO,WUI-P,800,p_a,64,0,0.502356230858,-0.015873015873,0.005976317325,6.703553728161,2e-11,True,FORMAL_COMPLETE,24d8522d3f0a65de1ebd45ff426f29fce84800b68c46c984a4bb0d741be2215c,,,,,,,,,,,,
five_state_radius_sensitivity,CO,WUI-P,800,p_s,58,0,0.415708821377,-0.017543859649,0.007311391432,5.066887259342,4.04374e-07,True,FORMAL_COMPLETE,1113739de390527829fe2a9c730e159d81c56f7bcdc62b466cedab449e00785d,,,,,,,,,,,,
five_state_radius_sensitivity,CO,WUI-P,900,p_a,64,0,0.506920196417,-0.015873015873,0.005976317325,6.762590898545,1.4e-11,True,FORMAL_COMPLETE,24d8522d3f0a65de1ebd45ff426f29fce84800b68c46c984a4bb0d741be2215c,,,,,,,,,,,,
five_state_radius_sensitivity,CO,WUI-P,900,p_s,58,0,0.418434165681,-0.017543859649,0.007311391432,5.098760143081,3.41885e-07,True,FORMAL_COMPLETE,1113739de390527829fe2a9c730e159d81c56f7bcdc62b466cedab449e00785d,,,,,,,,,,,,
five_state_radius_sensitivity,CO,WUI-P,1000,p_a,64,0,0.510910338847,-0.015873015873,0.005976317325,6.81420538062,9e-12,True,FORMAL_COMPLETE,24d8522d3f0a65de1ebd45ff426f29fce84800b68c46c984a4bb0d741be2215c,,,,,,,,,,,,
five_state_radius_sensitivity,CO,WUI-P,1000,p_s,58,0,0.417886814256,-0.017543859649,0.007311391432,5.09235887176,3.53636e-07,True,FORMAL_COMPLETE,1113739de390527829fe2a9c730e159d81c56f7bcdc62b466cedab449e00785d,,,,,,,,,,,,
five_state_radius_sensitivity,CO,WUI-S,100,p_a,64,0,0.546857050749,-0.015873015873,0.005976317325,7.279194024357,0.0,True,FORMAL_COMPLETE,24d8522d3f0a65de1ebd45ff426f29fce84800b68c46c984a4bb0d741be2215c,,,,,,,,,,,,
five_state_radius_sensitivity,CO,WUI-S,100,p_s,64,0,0.516437032639,-0.015873015873,0.005976317325,6.885695920767,6e-12,True,FORMAL_COMPLETE,24d8522d3f0a65de1ebd45ff426f29fce84800b68c46c984a4bb0d741be2215c,,,,,,,,,,,,
five_state_radius_sensitivity,CO,WUI-S,200,p_a,64,0,0.521659373958,-0.015873015873,0.005976317325,6.95324950992,4e-12,True,FORMAL_COMPLETE,24d8522d3f0a65de1ebd45ff426f29fce84800b68c46c984a4bb0d741be2215c,,,,,,,,,,,,
five_state_radius_sensitivity,CO,WUI-S,200,p_s,64,0,0.517831221957,-0.015873015873,0.005976317325,6.903730454827,5e-12,True,FORMAL_COMPLETE,24d8522d3f0a65de1ebd45ff426f29fce84800b68c46c984a4bb0d741be2215c,,,,,,,,,,,,
five_state_radius_sensitivity,CO,WUI-S,300,p_a,64,0,0.509875294481,-0.015873015873,0.005976317325,6.800816565599,1e-11,True,FORMAL_COMPLETE,24d8522d3f0a65de1ebd45ff426f29fce84800b68c46c984a4bb0d741be2215c,,,,,,,,,,,,
five_state_radius_sensitivity,CO,WUI-S,300,p_s,64,0,0.508563642579,-0.015873015873,0.005976317325,6.783849694177,1.2e-11,True,FORMAL_COMPLETE,24d8522d3f0a65de1ebd45ff426f29fce84800b68c46c984a4bb0d741be2215c,,,,,,,,,,,,
five_state_radius_sensitivity,CO,WUI-S,400,p_a,64,0,0.513453210773,-0.015873015873,0.005976317325,6.847098697019,8e-12,True,FORMAL_COMPLETE,24d8522d3f0a65de1ebd45ff426f29fce84800b68c46c984a4bb0d741be2215c,,,,,,,,,,,,
five_state_radius_sensitivity,CO,WUI-S,400,p_s,64,0,0.511923778196,-0.015873015873,0.005976317325,6.827314723952,9e-12,True,FORMAL_COMPLETE,24d8522d3f0a65de1ebd45ff426f29fce84800b68c46c984a4bb0d741be2215c,,,,,,,,,,,,
five_state_radius_sensitivity,CO,WUI-S,500,p_a,64,0,0.501474913956,-0.015873015873,0.005976317325,6.692153454547,2.2e-11,True,FORMAL_COMPLETE,24d8522d3f0a65de1ebd45ff426f29fce84800b68c46c984a4bb0d741be2215c,,,,,,,,,,,,
five_state_radius_sensitivity,CO,WUI-S,500,p_s,64,0,0.523070490587,-0.015873015873,0.005976317325,6.971503007181,3e-12,True,FORMAL_COMPLETE,24d8522d3f0a65de1ebd45ff426f29fce84800b68c46c984a4bb0d741be2215c,,,,,,,,,,,,
five_state_radius_sensitivity,CO,WUI-S,600,p_a,64,0,0.500533701644,-0.015873015873,0.005976317325,6.679978403953,2.4e-11,True,FORMAL_COMPLETE,24d8522d3f0a65de1ebd45ff426f29fce84800b68c46c984a4bb0d741be2215c,,,,,,,,,,,,
five_state_radius_sensitivity,CO,WUI-S,600,p_s,64,0,0.545295333543,-0.015873015873,0.005976317325,7.258992433525,0.0,True,FORMAL_COMPLETE,24d8522d3f0a65de1ebd45ff426f29fce84800b68c46c984a4bb0d741be2215c,,,,,,,,,,,,
five_state_radius_sensitivity,CO,WUI-S,700,p_a,64,0,0.504946550754,-0.015873015873,0.005976317325,6.737060807714,1.6e-11,True,FORMAL_COMPLETE,24d8522d3f0a65de1ebd45ff426f29fce84800b68c46c984a4bb0d741be2215c,,,,,,,,,,,,
five_state_radius_sensitivity,CO,WUI-S,700,p_s,64,0,0.562042315106,-0.015873015873,0.005976317325,7.475622991142,0.0,True,FORMAL_COMPLETE,24d8522d3f0a65de1ebd45ff426f29fce84800b68c46c984a4bb0d741be2215c,,,,,,,,,,,,
five_state_radius_sensitivity,CO,WUI-S,800,p_a,64,0,0.50370884888,-0.015873015873,0.005976317325,6.721050516779,1.8e-11,True,FORMAL_COMPLETE,24d8522d3f0a65de1ebd45ff426f29fce84800b68c46c984a4bb0d741be2215c,,,,,,,,,,,,
five_state_radius_sensitivity,CO,WUI-S,800,p_s,64,0,0.569047172828,-0.015873015873,0.005976317325,7.566234318838,0.0,True,FORMAL_COMPLETE,24d8522d3f0a65de1ebd45ff426f29fce84800b68c46c984a4bb0d741be2215c,,,,,,,,,,,,
five_state_radius_sensitivity,CO,WUI-S,900,p_a,64,0,0.503699815125,-0.015873015873,0.005976317325,6.720933660655,1.8e-11,True,FORMAL_COMPLETE,24d8522d3f0a65de1ebd45ff426f29fce84800b68c46c984a4bb0d741be2215c,,,,,,,,,,,,
five_state_radius_sensitivity,CO,WUI-S,900,p_s,64,0,0.566624244682,-0.015873015873,0.005976317325,7.534892535048,0.0,True,FORMAL_COMPLETE,24d8522d3f0a65de1ebd45ff426f29fce84800b68c46c984a4bb0d741be2215c,,,,,,,,,,,,
five_state_radius_sensitivity,CO,WUI-S,1000,p_a,64,0,0.506671788268,-0.015873015873,0.005976317325,6.759377615264,1.4e-11,True,FORMAL_COMPLETE,24d8522d3f0a65de1ebd45ff426f29fce84800b68c46c984a4bb0d741be2215c,,,,,,,,,,,,
five_state_radius_sensitivity,CO,WUI-S,1000,p_s,64,0,0.565219030333,-0.015873015873,0.005976317325,7.516715386713,0.0,True,FORMAL_COMPLETE,24d8522d3f0a65de1ebd45ff426f29fce84800b68c46c984a4bb0d741be2215c,,,,,,,,,,,,
five_state_radius_sensitivity,CO,WUI-Z,500,p_a,64,0,0.521784795776,-0.015873015873,0.005976317325,6.954871903684,4e-12,True,FORMAL_COMPLETE,24d8522d3f0a65de1ebd45ff426f29fce84800b68c46c984a4bb0d741be2215c,county_within_state_patch75_500m,WUI-P,area_proportion,0.055780370545,0.076858878422,0.05,r,0.0,,run1,ELIGIBLE_FORMAL_N_GE_30,POSITIVE_SIGNIFICANT
five_state_radius_sensitivity,FL,WUI-P,100,p_a,67,0,0.472252342298,-0.015151515152,0.006553587888,6.020733414524,1.736e-09,True,FORMAL_COMPLETE,104f6731c9f83335756d169a17b5c361bb27549fdae812b96ce8cafdbe6b60a1,,,,,,,,,,,,
five_state_radius_sensitivity,FL,WUI-P,100,p_s,67,0,0.665566695116,-0.015151515152,0.006553587888,8.408679602734,0.0,True,FORMAL_COMPLETE,104f6731c9f83335756d169a17b5c361bb27549fdae812b96ce8cafdbe6b60a1,,,,,,,,,,,,
five_state_radius_sensitivity,FL,WUI-P,200,p_a,67,0,0.562500942585,-0.015151515152,0.006553587888,7.135543556172,1e-12,True,FORMAL_COMPLETE,104f6731c9f83335756d169a17b5c361bb27549fdae812b96ce8cafdbe6b60a1,,,,,,,,,,,,
five_state_radius_sensitivity,FL,WUI-P,200,p_s,67,0,0.667658423659,-0.015151515152,0.006553587888,8.434518011155,0.0,True,FORMAL_COMPLETE,104f6731c9f83335756d169a17b5c361bb27549fdae812b96ce8cafdbe6b60a1,,,,,,,,,,,,
five_state_radius_sensitivity,FL,WUI-P,300,p_a,67,0,0.55553445064,-0.015151515152,0.006553587888,7.049488860057,2e-12,True,FORMAL_COMPLETE,104f6731c9f83335756d169a17b5c361bb27549fdae812b96ce8cafdbe6b60a1,,,,,,,,,,,,
five_state_radius_sensitivity,FL,WUI-P,300,p_s,67,0,0.664160270841,-0.015151515152,0.006553587888,8.391306523929,0.0,True,FORMAL_COMPLETE,104f6731c9f83335756d169a17b5c361bb27549fdae812b96ce8cafdbe6b60a1,,,,,,,,,,,,
five_state_radius_sensitivity,FL,WUI-P,400,p_a,67,0,0.553738166376,-0.015151515152,0.006553587888,7.027299973936,2e-12,True,FORMAL_COMPLETE,104f6731c9f83335756d169a17b5c361bb27549fdae812b96ce8cafdbe6b60a1,,,,,,,,,,,,
five_state_radius_sensitivity,FL,WUI-P,400,p_s,67,0,0.661929449911,-0.015151515152,0.006553587888,8.363749954754,0.0,True,FORMAL_COMPLETE,104f6731c9f83335756d169a17b5c361bb27549fdae812b96ce8cafdbe6b60a1,,,,,,,,,,,,
five_state_radius_sensitivity,FL,WUI-P,500,p_a,67,0,0.568451308677,-0.015151515152,0.006553587888,7.209046396601,1e-12,True,FORMAL_COMPLETE,104f6731c9f83335756d169a17b5c361bb27549fdae812b96ce8cafdbe6b60a1,,,,,,,,,,,,
five_state_radius_sensitivity,FL,WUI-P,500,p_s,67,0,0.665616390977,-0.015151515152,0.006553587888,8.409293478735,0.0,True,FORMAL_COMPLETE,104f6731c9f83335756d169a17b5c361bb27549fdae812b96ce8cafdbe6b60a1,,,,,,,,,,,,
five_state_radius_sensitivity,FL,WUI-P,600,p_a,67,0,0.572127458812,-0.015151515152,0.006553587888,7.254456623895,0.0,True,FORMAL_COMPLETE,104f6731c9f83335756d169a17b5c361bb27549fdae812b96ce8cafdbe6b60a1,,,,,,,,,,,,
five_state_radius_sensitivity,FL,WUI-P,600,p_s,67,0,0.66608971819,-0.015151515152,0.006553587888,8.415140328175,0.0,True,FORMAL_COMPLETE,104f6731c9f83335756d169a17b5c361bb27549fdae812b96ce8cafdbe6b60a1,,,,,,,,,,,,
five_state_radius_sensitivity,FL,WUI-P,700,p_a,67,0,0.57284266186,-0.015151515152,0.006553587888,7.263291282922,0.0,True,FORMAL_COMPLETE,104f6731c9f83335756d169a17b5c361bb27549fdae812b96ce8cafdbe6b60a1,,,,,,,,,,,,
five_state_radius_sensitivity,FL,WUI-P,700,p_s,67,0,0.665720223404,-0.015151515152,0.006553587888,8.410576085256,0.0,True,FORMAL_COMPLETE,104f6731c9f83335756d169a17b5c361bb27549fdae812b96ce8cafdbe6b60a1,,,,,,,,,,,,
five_state_radius_sensitivity,FL,WUI-P,800,p_a,67,0,0.577509364303,-0.015151515152,0.006553587888,7.320937464642,0.0,True,FORMAL_COMPLETE,104f6731c9f83335756d169a17b5c361bb27549fdae812b96ce8cafdbe6b60a1,,,,,,,,,,,,
five_state_radius_sensitivity,FL,WUI-P,800,p_s,67,0,0.665997321406,-0.015151515152,0.006553587888,8.413998982242,0.0,True,FORMAL_COMPLETE,104f6731c9f83335756d169a17b5c361bb27549fdae812b96ce8cafdbe6b60a1,,,,,,,,,,,,
five_state_radius_sensitivity,FL,WUI-P,900,p_a,67,0,0.579690269094,-0.015151515152,0.006553587888,7.347877436794,0.0,True,FORMAL_COMPLETE,104f6731c9f83335756d169a17b5c361bb27549fdae812b96ce8cafdbe6b60a1,,,,,,,,,,,,
five_state_radius_sensitivity,FL,WUI-P,900,p_s,67,0,0.666012949461,-0.015151515152,0.006553587888,8.414192030272,0.0,True,FORMAL_COMPLETE,104f6731c9f83335756d169a17b5c361bb27549fdae812b96ce8cafdbe6b60a1,,,,,,,,,,,,
five_state_radius_sensitivity,FL,WUI-P,1000,p_a,67,0,0.581238144837,-0.015151515152,0.006553587888,7.366997817289,0.0,True,FORMAL_COMPLETE,104f6731c9f83335756d169a17b5c361bb27549fdae812b96ce8cafdbe6b60a1,,,,,,,,,,,,
five_state_radius_sensitivity,FL,WUI-P,1000,p_s,67,0,0.665862256017,-0.015151515152,0.006553587888,8.412330565625,0.0,True,FORMAL_COMPLETE,104f6731c9f83335756d169a17b5c361bb27549fdae812b96ce8cafdbe6b60a1,,,,,,,,,,,,
five_state_radius_sensitivity,FL,WUI-S,100,p_a,67,0,0.43265577169,-0.015151515152,0.006553587888,5.531610499063,3.173e-08,True,FORMAL_COMPLETE,104f6731c9f83335756d169a17b5c361bb27549fdae812b96ce8cafdbe6b60a1,,,,,,,,,,,,
five_state_radius_sensitivity,FL,WUI-S,100,p_s,67,0,0.681503323582,-0.015151515152,0.006553587888,8.605539332205,0.0,True,FORMAL_COMPLETE,104f6731c9f83335756d169a17b5c361bb27549fdae812b96ce8cafdbe6b60a1,,,,,,,,,,,,
five_state_radius_sensitivity,FL,WUI-S,200,p_a,67,0,0.532734933977,-0.015151515152,0.006553587888,6.767854216197,1.3e-11,True,FORMAL_COMPLETE,104f6731c9f83335756d169a17b5c361bb27549fdae812b96ce8cafdbe6b60a1,,,,,,,,,,,,
five_state_radius_sensitivity,FL,WUI-S,200,p_s,67,0,0.6844021978,-0.015151515152,0.006553587888,8.641348135522,0.0,True,FORMAL_COMPLETE,104f6731c9f83335756d169a17b5c361bb27549fdae812b96ce8cafdbe6b60a1,,,,,,,,,,,,
five_state_radius_sensitivity,FL,WUI-S,300,p_a,67,0,0.550430577572,-0.015151515152,0.006553587888,6.9864424589,3e-12,True,FORMAL_COMPLETE,104f6731c9f83335756d169a17b5c361bb27549fdae812b96ce8cafdbe6b60a1,,,,,,,,,,,,
five_state_radius_sensitivity,FL,WUI-S,300,p_s,67,0,0.684312605405,-0.015151515152,0.006553587888,8.64024143126,0.0,True,FORMAL_COMPLETE,104f6731c9f83335756d169a17b5c361bb27549fdae812b96ce8cafdbe6b60a1,,,,,,,,,,,,
five_state_radius_sensitivity,FL,WUI-S,400,p_a,67,0,0.544831610511,-0.015151515152,0.006553587888,6.9172803307,5e-12,True,FORMAL_COMPLETE,104f6731c9f83335756d169a17b5c361bb27549fdae812b96ce8cafdbe6b60a1,,,,,,,,,,,,
five_state_radius_sensitivity,FL,WUI-S,400,p_s,67,0,0.679326213726,-0.015151515152,0.006553587888,8.578646237581,0.0,True,FORMAL_COMPLETE,104f6731c9f83335756d169a17b5c361bb27549fdae812b96ce8cafdbe6b60a1,,,,,,,,,,,,
five_state_radius_sensitivity,FL,WUI-S,500,p_a,67,0,0.564768839894,-0.015151515152,0.006553587888,7.16355811719,1e-12,True,FORMAL_COMPLETE,104f6731c9f83335756d169a17b5c361bb27549fdae812b96ce8cafdbe6b60a1,,,,,,,,,,,,
five_state_radius_sensitivity,FL,WUI-S,500,p_s,67,0,0.683140042959,-0.015151515152,0.006553587888,8.625757167773,0.0,True,FORMAL_COMPLETE,104f6731c9f83335756d169a17b5c361bb27549fdae812b96ce8cafdbe6b60a1,,,,,,,,,,,,
five_state_radius_sensitivity,FL,WUI-S,600,p_a,67,0,0.565356427602,-0.015151515152,0.006553587888,7.170816387504,1e-12,True,FORMAL_COMPLETE,104f6731c9f83335756d169a17b5c361bb27549fdae812b96ce8cafdbe6b60a1,,,,,,,,,,,,
five_state_radius_sensitivity,FL,WUI-S,600,p_s,67,0,0.682589168199,-0.015151515152,0.006553587888,8.61895239997,0.0,True,FORMAL_COMPLETE,104f6731c9f83335756d169a17b5c361bb27549fdae812b96ce8cafdbe6b60a1,,,,,,,,,,,,
five_state_radius_sensitivity,FL,WUI-S,700,p_a,67,0,0.561700934982,-0.015151515152,0.006553587888,7.125661335427,1e-12,True,FORMAL_COMPLETE,104f6731c9f83335756d169a17b5c361bb27549fdae812b96ce8cafdbe6b60a1,,,,,,,,,,,,
five_state_radius_sensitivity,FL,WUI-S,700,p_s,67,0,0.67891389335,-0.015151515152,0.006553587888,8.573552984775,0.0,True,FORMAL_COMPLETE,104f6731c9f83335756d169a17b5c361bb27549fdae812b96ce8cafdbe6b60a1,,,,,,,,,,,,
five_state_radius_sensitivity,FL,WUI-S,800,p_a,67,0,0.566416074938,-0.015151515152,0.006553587888,7.183905849206,1e-12,True,FORMAL_COMPLETE,104f6731c9f83335756d169a17b5c361bb27549fdae812b96ce8cafdbe6b60a1,,,,,,,,,,,,
five_state_radius_sensitivity,FL,WUI-S,800,p_s,67,0,0.677943990648,-0.015151515152,0.006553587888,8.561572107903,0.0,True,FORMAL_COMPLETE,104f6731c9f83335756d169a17b5c361bb27549fdae812b96ce8cafdbe6b60a1,,,,,,,,,,,,
five_state_radius_sensitivity,FL,WUI-S,900,p_a,67,0,0.566303235568,-0.015151515152,0.006553587888,7.182511982992,1e-12,True,FORMAL_COMPLETE,104f6731c9f83335756d169a17b5c361bb27549fdae812b96ce8cafdbe6b60a1,,,,,,,,,,,,
five_state_radius_sensitivity,FL,WUI-S,900,p_s,67,0,0.676791140873,-0.015151515152,0.006553587888,8.547331348303,0.0,True,FORMAL_COMPLETE,104f6731c9f83335756d169a17b5c361bb27549fdae812b96ce8cafdbe6b60a1,,,,,,,,,,,,
five_state_radius_sensitivity,FL,WUI-S,1000,p_a,67,0,0.562090025967,-0.015151515152,0.006553587888,7.130467643504,1e-12,True,FORMAL_COMPLETE,104f6731c9f83335756d169a17b5c361bb27549fdae812b96ce8cafdbe6b60a1,,,,,,,,,,,,
five_state_radius_sensitivity,FL,WUI-S,1000,p_s,67,0,0.67334802489,-0.015151515152,0.006553587888,8.504799712295,0.0,True,FORMAL_COMPLETE,104f6731c9f83335756d169a17b5c361bb27549fdae812b96ce8cafdbe6b60a1,,,,,,,,,,,,
five_state_radius_sensitivity,FL,WUI-Z,500,p_a,67,0,0.475964796419,-0.015151515152,0.006553587888,6.066592092564,1.307e-09,True,FORMAL_COMPLETE,104f6731c9f83335756d169a17b5c361bb27549fdae812b96ce8cafdbe6b60a1,county_within_state_patch75_500m,WUI-P,area_proportion,0.175471092256,0.119872546065,0.05,r,0.0,,run1,ELIGIBLE_FORMAL_N_GE_30,POSITIVE_SIGNIFICANT
five_state_radius_sensitivity,PA,WUI-P,100,p_a,67,0,0.197435028986,-0.015151515152,0.005752581092,2.802879306675,0.005064861948,True,FORMAL_COMPLETE,8090e4199e48a1affa29ff874fbb85a85734d009d36472dcf091c809791d7060,,,,,,,,,,,,
five_state_radius_sensitivity,PA,WUI-P,100,p_s,67,0,0.526319589365,-0.015151515152,0.005752581092,7.139107322949,1e-12,True,FORMAL_COMPLETE,8090e4199e48a1affa29ff874fbb85a85734d009d36472dcf091c809791d7060,,,,,,,,,,,,
five_state_radius_sensitivity,PA,WUI-P,200,p_a,67,0,0.188427337729,-0.015151515152,0.005752581092,2.684116044747,0.00727218598,True,FORMAL_COMPLETE,8090e4199e48a1affa29ff874fbb85a85734d009d36472dcf091c809791d7060,,,,,,,,,,,,
five_state_radius_sensitivity,PA,WUI-P,200,p_s,67,0,0.537447950716,-0.015151515152,0.005752581092,7.285830879113,0.0,True,FORMAL_COMPLETE,8090e4199e48a1affa29ff874fbb85a85734d009d36472dcf091c809791d7060,,,,,,,,,,,,
five_state_radius_sensitivity,PA,WUI-P,300,p_a,67,0,0.201942009945,-0.015151515152,0.005752581092,2.86230227588,0.004205755848,True,FORMAL_COMPLETE,8090e4199e48a1affa29ff874fbb85a85734d009d36472dcf091c809791d7060,,,,,,,,,,,,
five_state_radius_sensitivity,PA,WUI-P,300,p_s,67,0,0.544914981641,-0.015151515152,0.005752581092,7.384281072872,0.0,True,FORMAL_COMPLETE,8090e4199e48a1affa29ff874fbb85a85734d009d36472dcf091c809791d7060,,,,,,,,,,,,
five_state_radius_sensitivity,PA,WUI-P,400,p_a,67,0,0.197273090677,-0.015151515152,0.005752581092,2.800744206656,0.005098491465,True,FORMAL_COMPLETE,8090e4199e48a1affa29ff874fbb85a85734d009d36472dcf091c809791d7060,,,,,,,,,,,,
five_state_radius_sensitivity,PA,WUI-P,400,p_s,67,0,0.53422175757,-0.015151515152,0.005752581092,7.243294649714,0.0,True,FORMAL_COMPLETE,8090e4199e48a1affa29ff874fbb85a85734d009d36472dcf091c809791d7060,,,,,,,,,,,,
five_state_radius_sensitivity,PA,WUI-P,500,p_a,67,0,0.239013963565,-0.015151515152,0.005752581092,3.351083031412,0.000804961627,True,FORMAL_COMPLETE,8090e4199e48a1affa29ff874fbb85a85734d009d36472dcf091c809791d7060,,,,,,,,,,,,
five_state_radius_sensitivity,PA,WUI-P,500,p_s,67,0,0.53471388035,-0.015151515152,0.005752581092,7.249783116625,0.0,True,FORMAL_COMPLETE,8090e4199e48a1affa29ff874fbb85a85734d009d36472dcf091c809791d7060,,,,,,,,,,,,
five_state_radius_sensitivity,PA,WUI-P,600,p_a,67,0,0.24662905625,-0.015151515152,0.005752581092,3.451485367746,0.000557509985,True,FORMAL_COMPLETE,8090e4199e48a1affa29ff874fbb85a85734d009d36472dcf091c809791d7060,,,,,,,,,,,,
five_state_radius_sensitivity,PA,WUI-P,600,p_s,67,0,0.508845955345,-0.015151515152,0.005752581092,6.90872356368,5e-12,True,FORMAL_COMPLETE,8090e4199e48a1affa29ff874fbb85a85734d009d36472dcf091c809791d7060,,,,,,,,,,,,
five_state_radius_sensitivity,PA,WUI-P,700,p_a,67,0,0.241028866746,-0.015151515152,0.005752581092,3.377648825851,0.000731083799,True,FORMAL_COMPLETE,8090e4199e48a1affa29ff874fbb85a85734d009d36472dcf091c809791d7060,,,,,,,,,,,,
five_state_radius_sensitivity,PA,WUI-P,700,p_s,67,0,0.502743940512,-0.015151515152,0.005752581092,6.828270630162,9e-12,True,FORMAL_COMPLETE,8090e4199e48a1affa29ff874fbb85a85734d009d36472dcf091c809791d7060,,,,,,,,,,,,
five_state_radius_sensitivity,PA,WUI-P,800,p_a,67,0,0.256937556468,-0.015151515152,0.005752581092,3.587399341329,0.000333992603,True,FORMAL_COMPLETE,8090e4199e48a1affa29ff874fbb85a85734d009d36472dcf091c809791d7060,,,,,,,,,,,,
five_state_radius_sensitivity,PA,WUI-P,800,p_s,67,0,0.508949507418,-0.015151515152,0.005752581092,6.910088861582,5e-12,True,FORMAL_COMPLETE,8090e4199e48a1affa29ff874fbb85a85734d009d36472dcf091c809791d7060,,,,,,,,,,,,
five_state_radius_sensitivity,PA,WUI-P,900,p_a,67,0,0.262739910154,-0.015151515152,0.005752581092,3.663901347342,0.000248402492,True,FORMAL_COMPLETE,8090e4199e48a1affa29ff874fbb85a85734d009d36472dcf091c809791d7060,,,,,,,,,,,,
five_state_radius_sensitivity,PA,WUI-P,900,p_s,67,0,0.504345521251,-0.015151515152,0.005752581092,6.849386912612,7e-12,True,FORMAL_COMPLETE,8090e4199e48a1affa29ff874fbb85a85734d009d36472dcf091c809791d7060,,,,,,,,,,,,
five_state_radius_sensitivity,PA,WUI-P,1000,p_a,67,0,0.262327294356,-0.015151515152,0.005752581092,3.658461152213,0.000253734192,True,FORMAL_COMPLETE,8090e4199e48a1affa29ff874fbb85a85734d009d36472dcf091c809791d7060,,,,,,,,,,,,
five_state_radius_sensitivity,PA,WUI-P,1000,p_s,67,0,0.499153654164,-0.015151515152,0.005752581092,6.780933959106,1.2e-11,True,FORMAL_COMPLETE,8090e4199e48a1affa29ff874fbb85a85734d009d36472dcf091c809791d7060,,,,,,,,,,,,
five_state_radius_sensitivity,PA,WUI-S,100,p_a,67,0,0.460511676521,-0.015151515152,0.005752581092,6.271452985403,3.58e-10,True,FORMAL_COMPLETE,8090e4199e48a1affa29ff874fbb85a85734d009d36472dcf091c809791d7060,,,,,,,,,,,,
five_state_radius_sensitivity,PA,WUI-S,100,p_s,67,0,0.55640416642,-0.015151515152,0.005752581092,7.535761959868,0.0,True,FORMAL_COMPLETE,8090e4199e48a1affa29ff874fbb85a85734d009d36472dcf091c809791d7060,,,,,,,,,,,,
five_state_radius_sensitivity,PA,WUI-S,200,p_a,67,0,0.433374067057,-0.015151515152,0.005752581092,5.913653086493,3.346e-09,True,FORMAL_COMPLETE,8090e4199e48a1affa29ff874fbb85a85734d009d36472dcf091c809791d7060,,,,,,,,,,,,
five_state_radius_sensitivity,PA,WUI-S,200,p_s,67,0,0.560199465851,-0.015151515152,0.005752581092,7.585801656785,0.0,True,FORMAL_COMPLETE,8090e4199e48a1affa29ff874fbb85a85734d009d36472dcf091c809791d7060,,,,,,,,,,,,
five_state_radius_sensitivity,PA,WUI-S,300,p_a,67,0,0.453181557672,-0.015151515152,0.005752581092,6.174807929514,6.62e-10,True,FORMAL_COMPLETE,8090e4199e48a1affa29ff874fbb85a85734d009d36472dcf091c809791d7060,,,,,,,,,,,,
five_state_radius_sensitivity,PA,WUI-S,300,p_s,67,0,0.56220634031,-0.015151515152,0.005752581092,7.612261595327,0.0,True,FORMAL_COMPLETE,8090e4199e48a1affa29ff874fbb85a85734d009d36472dcf091c809791d7060,,,,,,,,,,,,
five_state_radius_sensitivity,PA,WUI-S,400,p_a,67,0,0.461472010995,-0.015151515152,0.005752581092,6.284114659891,3.3e-10,True,FORMAL_COMPLETE,8090e4199e48a1affa29ff874fbb85a85734d009d36472dcf091c809791d7060,,,,,,,,,,,,
five_state_radius_sensitivity,PA,WUI-S,400,p_s,67,0,0.563268943418,-0.015151515152,0.005752581092,7.62627164602,0.0,True,FORMAL_COMPLETE,8090e4199e48a1affa29ff874fbb85a85734d009d36472dcf091c809791d7060,,,,,,,,,,,,
five_state_radius_sensitivity,PA,WUI-S,500,p_a,67,0,0.482365621488,-0.015151515152,0.005752581092,6.559589614011,5.4e-11,True,FORMAL_COMPLETE,8090e4199e48a1affa29ff874fbb85a85734d009d36472dcf091c809791d7060,,,,,,,,,,,,
five_state_radius_sensitivity,PA,WUI-S,500,p_s,67,0,0.566863846414,-0.015151515152,0.005752581092,7.673669185962,0.0,True,FORMAL_COMPLETE,8090e4199e48a1affa29ff874fbb85a85734d009d36472dcf091c809791d7060,,,,,,,,,,,,
five_state_radius_sensitivity,PA,WUI-S,600,p_a,67,0,0.488829640051,-0.015151515152,0.005752581092,6.644815440232,3e-11,True,FORMAL_COMPLETE,8090e4199e48a1affa29ff874fbb85a85734d009d36472dcf091c809791d7060,,,,,,,,,,,,
five_state_radius_sensitivity,PA,WUI-S,600,p_s,67,0,0.568096238976,-0.015151515152,0.005752581092,7.689917851303,0.0,True,FORMAL_COMPLETE,8090e4199e48a1affa29ff874fbb85a85734d009d36472dcf091c809791d7060,,,,,,,,,,,,
five_state_radius_sensitivity,PA,WUI-S,700,p_a,67,0,0.492586312846,-0.015151515152,0.005752581092,6.694345858462,2.2e-11,True,FORMAL_COMPLETE,8090e4199e48a1affa29ff874fbb85a85734d009d36472dcf091c809791d7060,,,,,,,,,,,,
five_state_radius_sensitivity,PA,WUI-S,700,p_s,67,0,0.568655566154,-0.015151515152,0.005752581092,7.697292384707,0.0,True,FORMAL_COMPLETE,8090e4199e48a1affa29ff874fbb85a85734d009d36472dcf091c809791d7060,,,,,,,,,,,,
five_state_radius_sensitivity,PA,WUI-S,800,p_a,67,0,0.50041316098,-0.015151515152,0.005752581092,6.7975401164,1.1e-11,True,FORMAL_COMPLETE,8090e4199e48a1affa29ff874fbb85a85734d009d36472dcf091c809791d7060,,,,,,,,,,,,
five_state_radius_sensitivity,PA,WUI-S,800,p_s,67,0,0.569791584848,-0.015151515152,0.005752581092,7.712270394271,0.0,True,FORMAL_COMPLETE,8090e4199e48a1affa29ff874fbb85a85734d009d36472dcf091c809791d7060,,,,,,,,,,,,
five_state_radius_sensitivity,PA,WUI-S,900,p_a,67,0,0.505243633416,-0.015151515152,0.005752581092,6.861228207706,7e-12,True,FORMAL_COMPLETE,8090e4199e48a1affa29ff874fbb85a85734d009d36472dcf091c809791d7060,,,,,,,,,,,,
five_state_radius_sensitivity,PA,WUI-S,900,p_s,67,0,0.56917450635,-0.015151515152,0.005752581092,7.704134429879,0.0,True,FORMAL_COMPLETE,8090e4199e48a1affa29ff874fbb85a85734d009d36472dcf091c809791d7060,,,,,,,,,,,,
five_state_radius_sensitivity,PA,WUI-S,1000,p_a,67,0,0.508296923543,-0.015151515152,0.005752581092,6.901484771202,5e-12,True,FORMAL_COMPLETE,8090e4199e48a1affa29ff874fbb85a85734d009d36472dcf091c809791d7060,,,,,,,,,,,,
five_state_radius_sensitivity,PA,WUI-S,1000,p_s,67,0,0.568119654919,-0.015151515152,0.005752581092,7.690226582327,0.0,True,FORMAL_COMPLETE,8090e4199e48a1affa29ff874fbb85a85734d009d36472dcf091c809791d7060,,,,,,,,,,,,
five_state_radius_sensitivity,PA,WUI-Z,500,p_a,67,0,0.508859599778,-0.015151515152,0.005752581092,6.908903460762,5e-12,True,FORMAL_COMPLETE,8090e4199e48a1affa29ff874fbb85a85734d009d36472dcf091c809791d7060,county_within_state_patch75_500m,WUI-P,area_proportion,0.348059118523,0.137099462086,0.05,r,0.0,,run1,ELIGIBLE_FORMAL_N_GE_30,POSITIVE_SIGNIFICANT
five_state_radius_sensitivity,TX,WUI-P,100,p_a,254,0,0.579083230313,-0.00395256917,0.001418728786,15.479093791168,0.0,True,FORMAL_COMPLETE,1c490b5a1d273566f6d5d2f757444243cb112cd44ed3780e3a477ce5df83a9e8,,,,,,,,,,,,
five_state_radius_sensitivity,TX,WUI-P,100,p_s,254,0,0.621055654565,-0.00395256917,0.001418728786,16.593425179098,0.0,True,FORMAL_COMPLETE,1c490b5a1d273566f6d5d2f757444243cb112cd44ed3780e3a477ce5df83a9e8,,,,,,,,,,,,
five_state_radius_sensitivity,TX,WUI-P,200,p_a,254,0,0.653384551259,-0.00395256917,0.001418728786,17.451729291017,0.0,True,FORMAL_COMPLETE,1c490b5a1d273566f6d5d2f757444243cb112cd44ed3780e3a477ce5df83a9e8,,,,,,,,,,,,
five_state_radius_sensitivity,TX,WUI-P,200,p_s,254,0,0.618321411872,-0.00395256917,0.001418728786,16.520833411787,0.0,True,FORMAL_COMPLETE,1c490b5a1d273566f6d5d2f757444243cb112cd44ed3780e3a477ce5df83a9e8,,,,,,,,,,,,
five_state_radius_sensitivity,TX,WUI-P,300,p_a,254,0,0.700642855014,-0.00395256917,0.001418728786,18.706396186062,0.0,True,FORMAL_COMPLETE,1c490b5a1d273566f6d5d2f757444243cb112cd44ed3780e3a477ce5df83a9e8,,,,,,,,,,,,
five_state_radius_sensitivity,TX,WUI-P,300,p_s,254,0,0.618475932738,-0.00395256917,0.001418728786,16.524935806475,0.0,True,FORMAL_COMPLETE,1c490b5a1d273566f6d5d2f757444243cb112cd44ed3780e3a477ce5df83a9e8,,,,,,,,,,,,
five_state_radius_sensitivity,TX,WUI-P,400,p_a,254,0,0.677967654527,-0.00395256917,0.001418728786,18.104389318916,0.0,True,FORMAL_COMPLETE,1c490b5a1d273566f6d5d2f757444243cb112cd44ed3780e3a477ce5df83a9e8,,,,,,,,,,,,
five_state_radius_sensitivity,TX,WUI-P,400,p_s,254,0,0.58468419136,-0.00395256917,0.001418728786,15.627794439493,0.0,True,FORMAL_COMPLETE,1c490b5a1d273566f6d5d2f757444243cb112cd44ed3780e3a477ce5df83a9e8,,,,,,,,,,,,
five_state_radius_sensitivity,TX,WUI-P,500,p_a,254,0,0.690493524313,-0.00395256917,0.001418728786,18.436940276171,0.0,True,FORMAL_COMPLETE,1c490b5a1d273566f6d5d2f757444243cb112cd44ed3780e3a477ce5df83a9e8,,,,,,,,,,,,
five_state_radius_sensitivity,TX,WUI-P,500,p_s,254,0,0.568710124902,-0.00395256917,0.001418728786,15.203696857237,0.0,True,FORMAL_COMPLETE,1c490b5a1d273566f6d5d2f757444243cb112cd44ed3780e3a477ce5df83a9e8,,,,,,,,,,,,
five_state_radius_sensitivity,TX,WUI-P,600,p_a,254,0,0.687806110165,-0.00395256917,0.001418728786,18.365591766044,0.0,True,FORMAL_COMPLETE,1c490b5a1d273566f6d5d2f757444243cb112cd44ed3780e3a477ce5df83a9e8,,,,,,,,,,,,
five_state_radius_sensitivity,TX,WUI-P,600,p_s,254,0,0.560773660348,-0.00395256917,0.001418728786,14.992990620462,0.0,True,FORMAL_COMPLETE,1c490b5a1d273566f6d5d2f757444243cb112cd44ed3780e3a477ce5df83a9e8,,,,,,,,,,,,
five_state_radius_sensitivity,TX,WUI-P,700,p_a,254,0,0.681139942918,-0.00395256917,0.001418728786,18.188610818828,0.0,True,FORMAL_COMPLETE,1c490b5a1d273566f6d5d2f757444243cb112cd44ed3780e3a477ce5df83a9e8,,,,,,,,,,,,
five_state_radius_sensitivity,TX,WUI-P,700,p_s,254,0,0.551289218752,-0.00395256917,0.001418728786,14.741186938528,0.0,True,FORMAL_COMPLETE,1c490b5a1d273566f6d5d2f757444243cb112cd44ed3780e3a477ce5df83a9e8,,,,,,,,,,,,
five_state_radius_sensitivity,TX,WUI-P,800,p_a,254,0,0.680304443315,-0.00395256917,0.001418728786,18.16642903047,0.0,True,FORMAL_COMPLETE,1c490b5a1d273566f6d5d2f757444243cb112cd44ed3780e3a477ce5df83a9e8,,,,,,,,,,,,
five_state_radius_sensitivity,TX,WUI-P,800,p_s,254,0,0.542827265433,-0.00395256917,0.001418728786,14.516529431718,0.0,True,FORMAL_COMPLETE,1c490b5a1d273566f6d5d2f757444243cb112cd44ed3780e3a477ce5df83a9e8,,,,,,,,,,,,
five_state_radius_sensitivity,TX,WUI-P,900,p_a,254,0,0.679543907978,-0.00395256917,0.001418728786,18.146237478196,0.0,True,FORMAL_COMPLETE,1c490b5a1d273566f6d5d2f757444243cb112cd44ed3780e3a477ce5df83a9e8,,,,,,,,,,,,
five_state_radius_sensitivity,TX,WUI-P,900,p_s,254,0,0.543637565107,-0.00395256917,0.001418728786,14.538042183871,0.0,True,FORMAL_COMPLETE,1c490b5a1d273566f6d5d2f757444243cb112cd44ed3780e3a477ce5df83a9e8,,,,,,,,,,,,
five_state_radius_sensitivity,TX,WUI-P,1000,p_a,254,0,0.672963184268,-0.00395256917,0.001418728786,17.971524982657,0.0,True,FORMAL_COMPLETE,1c490b5a1d273566f6d5d2f757444243cb112cd44ed3780e3a477ce5df83a9e8,,,,,,,,,,,,
five_state_radius_sensitivity,TX,WUI-P,1000,p_s,254,0,0.537244267723,-0.00395256917,0.001418728786,14.368305694422,0.0,True,FORMAL_COMPLETE,1c490b5a1d273566f6d5d2f757444243cb112cd44ed3780e3a477ce5df83a9e8,,,,,,,,,,,,
five_state_radius_sensitivity,TX,WUI-S,100,p_a,254,0,0.588830208979,-0.00395256917,0.001418728786,15.737867604184,0.0,True,FORMAL_COMPLETE,1c490b5a1d273566f6d5d2f757444243cb112cd44ed3780e3a477ce5df83a9e8,,,,,,,,,,,,
five_state_radius_sensitivity,TX,WUI-S,100,p_s,254,0,0.642113118966,-0.00395256917,0.001418728786,17.152482559035,0.0,True,FORMAL_COMPLETE,1c490b5a1d273566f6d5d2f757444243cb112cd44ed3780e3a477ce5df83a9e8,,,,,,,,,,,,
five_state_radius_sensitivity,TX,WUI-S,200,p_a,254,0,0.680521088504,-0.00395256917,0.001418728786,18.172180771955,0.0,True,FORMAL_COMPLETE,1c490b5a1d273566f6d5d2f757444243cb112cd44ed3780e3a477ce5df83a9e8,,,,,,,,,,,,
five_state_radius_sensitivity,TX,WUI-S,200,p_s,254,0,0.63940917255,-0.00395256917,0.001418728786,17.08069513153,0.0,True,FORMAL_COMPLETE,1c490b5a1d273566f6d5d2f757444243cb112cd44ed3780e3a477ce5df83a9e8,,,,,,,,,,,,
five_state_radius_sensitivity,TX,WUI-S,300,p_a,254,0,0.683166699368,-0.00395256917,0.001418728786,18.24241944124,0.0,True,FORMAL_COMPLETE,1c490b5a1d273566f6d5d2f757444243cb112cd44ed3780e3a477ce5df83a9e8,,,,,,,,,,,,
five_state_radius_sensitivity,TX,WUI-S,300,p_s,254,0,0.632332553353,-0.00395256917,0.001418728786,16.892817041775,0.0,True,FORMAL_COMPLETE,1c490b5a1d273566f6d5d2f757444243cb112cd44ed3780e3a477ce5df83a9e8,,,,,,,,,,,,
five_state_radius_sensitivity,TX,WUI-S,400,p_a,254,0,0.660346481117,-0.00395256917,0.001418728786,17.636562478486,0.0,True,FORMAL_COMPLETE,1c490b5a1d273566f6d5d2f757444243cb112cd44ed3780e3a477ce5df83a9e8,,,,,,,,,,,,
five_state_radius_sensitivity,TX,WUI-S,400,p_s,254,0,0.610354829615,-0.00395256917,0.001418728786,16.309327576177,0.0,True,FORMAL_COMPLETE,1c490b5a1d273566f6d5d2f757444243cb112cd44ed3780e3a477ce5df83a9e8,,,,,,,,,,,,
five_state_radius_sensitivity,TX,WUI-S,500,p_a,254,0,0.679476455696,-0.00395256917,0.001418728786,18.144446678727,0.0,True,FORMAL_COMPLETE,1c490b5a1d273566f6d5d2f757444243cb112cd44ed3780e3a477ce5df83a9e8,,,,,,,,,,,,
five_state_radius_sensitivity,TX,WUI-S,500,p_s,254,0,0.603159156659,-0.00395256917,0.001418728786,16.118288712563,0.0,True,FORMAL_COMPLETE,1c490b5a1d273566f6d5d2f757444243cb112cd44ed3780e3a477ce5df83a9e8,,,,,,,,,,,,
five_state_radius_sensitivity,TX,WUI-S,600,p_a,254,0,0.672838439427,-0.00395256917,0.001418728786,17.968213115532,0.0,True,FORMAL_COMPLETE,1c490b5a1d273566f6d5d2f757444243cb112cd44ed3780e3a477ce5df83a9e8,,,,,,,,,,,,
five_state_radius_sensitivity,TX,WUI-S,600,p_s,254,0,0.588164933888,-0.00395256917,0.001418728786,15.72020512867,0.0,True,FORMAL_COMPLETE,1c490b5a1d273566f6d5d2f757444243cb112cd44ed3780e3a477ce5df83a9e8,,,,,,,,,,,,
five_state_radius_sensitivity,TX,WUI-S,700,p_a,254,0,0.657471389591,-0.00395256917,0.001418728786,17.560231297064,0.0,True,FORMAL_COMPLETE,1c490b5a1d273566f6d5d2f757444243cb112cd44ed3780e3a477ce5df83a9e8,,,,,,,,,,,,
five_state_radius_sensitivity,TX,WUI-S,700,p_s,254,0,0.569030239096,-0.00395256917,0.001418728786,15.212195610882,0.0,True,FORMAL_COMPLETE,1c490b5a1d273566f6d5d2f757444243cb112cd44ed3780e3a477ce5df83a9e8,,,,,,,,,,,,
five_state_radius_sensitivity,TX,WUI-S,800,p_a,254,0,0.657367880226,-0.00395256917,0.001418728786,17.557483213373,0.0,True,FORMAL_COMPLETE,1c490b5a1d273566f6d5d2f757444243cb112cd44ed3780e3a477ce5df83a9e8,,,,,,,,,,,,
five_state_radius_sensitivity,TX,WUI-S,800,p_s,254,0,0.561331136002,-0.00395256917,0.001418728786,15.007791114603,0.0,True,FORMAL_COMPLETE,1c490b5a1d273566f6d5d2f757444243cb112cd44ed3780e3a477ce5df83a9e8,,,,,,,,,,,,
five_state_radius_sensitivity,TX,WUI-S,900,p_a,254,0,0.652458944869,-0.00395256917,0.001418728786,17.427155245744,0.0,True,FORMAL_COMPLETE,1c490b5a1d273566f6d5d2f757444243cb112cd44ed3780e3a477ce5df83a9e8,,,,,,,,,,,,
five_state_radius_sensitivity,TX,WUI-S,900,p_s,254,0,0.555658004095,-0.00395256917,0.001418728786,14.857174392694,0.0,True,FORMAL_COMPLETE,1c490b5a1d273566f6d5d2f757444243cb112cd44ed3780e3a477ce5df83a9e8,,,,,,,,,,,,
five_state_radius_sensitivity,TX,WUI-S,1000,p_a,254,0,0.643282353074,-0.00395256917,0.001418728786,17.183524708462,0.0,True,FORMAL_COMPLETE,1c490b5a1d273566f6d5d2f757444243cb112cd44ed3780e3a477ce5df83a9e8,,,,,,,,,,,,
five_state_radius_sensitivity,TX,WUI-S,1000,p_s,254,0,0.548346270632,-0.00395256917,0.001418728786,14.66305422349,0.0,True,FORMAL_COMPLETE,1c490b5a1d273566f6d5d2f757444243cb112cd44ed3780e3a477ce5df83a9e8,,,,,,,,,,,,
five_state_radius_sensitivity,TX,WUI-Z,500,p_a,254,0,0.558602358347,-0.00395256917,0.001418728786,14.935344439307,0.0,True,FORMAL_COMPLETE,1c490b5a1d273566f6d5d2f757444243cb112cd44ed3780e3a477ce5df83a9e8,county_within_state_patch75_500m,WUI-P,area_proportion,0.080131472587,0.118556880283,0.05,r,0.0,,run1,ELIGIBLE_FORMAL_N_GE_30,POSITIVE_SIGNIFICANT
national49_standardized_500m,AL,WUI-P,500,p_a,67,0,0.402325758804,-0.015151515152,0.005663434388,5.547443685579,2.8988e-08,True,FORMAL_COMPLETE,c410fed375d8e4521a34ec3bc4380221f6876c3c44ea71cbfd1defd5caba8680,county_within_state_patch75_500m,WUI-P,area_proportion,0.181213828647,0.214361494076,0.05,r,0.0,,run1,ELIGIBLE_FORMAL_N_GE_30,POSITIVE_SIGNIFICANT
national49_standardized_500m,AL,WUI-P,500,p_s,59,0,0.170555796674,-0.01724137931,0.006850622154,2.268945424993,0.023271644878,True,FORMAL_COMPLETE,c8baa035a69f6d0d7deeee206703e6f9b064b394e4140ca0eb8bd516ed04c66e,county_within_state_patch75_500m,WUI-P,structure_proportion,0.442583653359,0.307066442888,0.05,r,0.0,,run1,ELIGIBLE_FORMAL_N_GE_30,POSITIVE_SIGNIFICANT
national49_standardized_500m,AL,WUI-S,500,p_a,67,0,0.464294171382,-0.015151515152,0.005663434388,6.370880793432,1.88e-10,True,FORMAL_COMPLETE,c410fed375d8e4521a34ec3bc4380221f6876c3c44ea71cbfd1defd5caba8680,county_within_state_patch75_500m,WUI-S,area_proportion,0.30140034795,0.125137552192,0.05,r,0.0,,run1,ELIGIBLE_FORMAL_N_GE_30,POSITIVE_SIGNIFICANT
national49_standardized_500m,AL,WUI-S,500,p_s,67,0,0.494371433723,-0.015151515152,0.005663434388,6.770547863862,1.3e-11,True,FORMAL_COMPLETE,c410fed375d8e4521a34ec3bc4380221f6876c3c44ea71cbfd1defd5caba8680,county_within_state_patch75_500m,WUI-S,structure_proportion,0.682068445497,0.244135573171,0.05,r,0.0,,run1,ELIGIBLE_FORMAL_N_GE_30,POSITIVE_SIGNIFICANT
national49_standardized_500m,AL,WUI-Z,500,p_a,67,0,0.493662434978,-0.015151515152,0.005663434388,6.761126678912,1.4e-11,True,FORMAL_COMPLETE,c410fed375d8e4521a34ec3bc4380221f6876c3c44ea71cbfd1defd5caba8680,county_within_state_patch75_500m,WUI-P,area_proportion,0.223743140718,0.145386663422,0.05,r,0.0,,run1,ELIGIBLE_FORMAL_N_GE_30,POSITIVE_SIGNIFICANT
national49_standardized_500m,AR,WUI-P,500,p_a,75,0,0.574607858862,-0.013513513514,0.005034377321,8.288846190023,0.0,True,FORMAL_COMPLETE,76f2a1ee9411e106b923326fbb5fd37c9645285dc719372fdab312afeb6e4470,county_within_state_patch75_500m,WUI-P,area_proportion,0.176465300548,0.110487206353,0.05,r,0.0,,run1,ELIGIBLE_FORMAL_N_GE_30,POSITIVE_SIGNIFICANT
national49_standardized_500m,AR,WUI-P,500,p_s,75,0,0.557597077335,-0.013513513514,0.005034377321,8.049100181324,0.0,True,FORMAL_COMPLETE,76f2a1ee9411e106b923326fbb5fd37c9645285dc719372fdab312afeb6e4470,county_within_state_patch75_500m,WUI-P,structure_proportion,0.508539098192,0.288750225172,0.05,r,0.0,,run1,ELIGIBLE_FORMAL_N_GE_30,POSITIVE_SIGNIFICANT
national49_standardized_500m,AR,WUI-S,500,p_a,75,0,0.607684393451,-0.013513513514,0.005034377321,8.75501919543,0.0,True,FORMAL_COMPLETE,76f2a1ee9411e106b923326fbb5fd37c9645285dc719372fdab312afeb6e4470,county_within_state_patch75_500m,WUI-S,area_proportion,0.189240012268,0.110185495657,0.05,r,0.0,,run1,ELIGIBLE_FORMAL_N_GE_30,POSITIVE_SIGNIFICANT
national49_standardized_500m,AR,WUI-S,500,p_s,75,0,0.579807609195,-0.013513513514,0.005034377321,8.362130264972,0.0,True,FORMAL_COMPLETE,76f2a1ee9411e106b923326fbb5fd37c9645285dc719372fdab312afeb6e4470,county_within_state_patch75_500m,WUI-S,structure_proportion,0.533395276158,0.298831323165,0.05,r,0.0,,run1,ELIGIBLE_FORMAL_N_GE_30,POSITIVE_SIGNIFICANT
national49_standardized_500m,AR,WUI-Z,500,p_a,75,0,0.344837660285,-0.013513513514,0.005034377321,5.050518313299,4.40613e-07,True,FORMAL_COMPLETE,76f2a1ee9411e106b923326fbb5fd37c9645285dc719372fdab312afeb6e4470,county_within_state_patch75_500m,WUI-P,area_proportion,0.113793430023,0.097185772295,0.05,r,0.0,,run1,ELIGIBLE_FORMAL_N_GE_30,POSITIVE_SIGNIFICANT
national49_standardized_500m,AZ,WUI-P,500,p_a,15,0,,,,,,,EXCLUDED_N_LT_30,89a117ac87013c753a9666307b42ee9594fee299fd2683b412e63c85f3d487e3,county_within_state_patch75_500m,WUI-P,area_proportion,0.055854277774,0.042059751298,0.05,r,0.0,,run1,EXCLUDED_N_LT_30,UNDEFINED
national49_standardized_500m,AZ,WUI-P,500,p_s,15,0,,,,,,,EXCLUDED_N_LT_30,89a117ac87013c753a9666307b42ee9594fee299fd2683b412e63c85f3d487e3,county_within_state_patch75_500m,WUI-P,structure_proportion,0.802246272411,0.253788508373,0.05,r,0.0,,run1,EXCLUDED_N_LT_30,UNDEFINED
national49_standardized_500m,AZ,WUI-S,500,p_a,15,0,,,,,,,EXCLUDED_N_LT_30,89a117ac87013c753a9666307b42ee9594fee299fd2683b412e63c85f3d487e3,county_within_state_patch75_500m,WUI-S,area_proportion,0.05533826656,0.033955392358,0.05,r,0.0,,run1,EXCLUDED_N_LT_30,UNDEFINED
national49_standardized_500m,AZ,WUI-S,500,p_s,15,0,,,,,,,EXCLUDED_N_LT_30,89a117ac87013c753a9666307b42ee9594fee299fd2683b412e63c85f3d487e3,county_within_state_patch75_500m,WUI-S,structure_proportion,0.796380571027,0.237934174612,0.05,r,0.0,,run1,EXCLUDED_N_LT_30,UNDEFINED
national49_standardized_500m,AZ,WUI-Z,500,p_a,15,0,,,,,,,EXCLUDED_N_LT_30,89a117ac87013c753a9666307b42ee9594fee299fd2683b412e63c85f3d487e3,county_within_state_patch75_500m,WUI-P,area_proportion,0.036065492992,0.025813442962,0.05,r,0.0,,run1,EXCLUDED_N_LT_30,UNDEFINED
national49_standardized_500m,CA,WUI-P,500,p_a,58,0,0.139311365305,-0.017543859649,0.006704220806,1.915688248581,0.05540478911,False,FORMAL_COMPLETE,3125eee1efdeed67dbd25544efb39fbefa20f98cba387834d67348e84a9f645c,county_within_state_patch75_500m,WUI-P,area_proportion,0.130950357237,0.106577855473,0.05,r,0.0,,run1,ELIGIBLE_FORMAL_N_GE_30,NOT_SIGNIFICANT
national49_standardized_500m,CA,WUI-P,500,p_s,58,0,0.157661155298,-0.017543859649,0.006704220806,2.139796033721,0.032371253899,True,FORMAL_COMPLETE,3125eee1efdeed67dbd25544efb39fbefa20f98cba387834d67348e84a9f645c,county_within_state_patch75_500m,WUI-P,structure_proportion,0.547067100607,0.321086119668,0.05,r,0.0,,run1,ELIGIBLE_FORMAL_N_GE_30,POSITIVE_SIGNIFICANT
national49_standardized_500m,CA,WUI-S,500,p_a,58,0,0.217116250464,-0.017543859649,0.006704220806,2.865926943042,0.004157901878,True,FORMAL_COMPLETE,3125eee1efdeed67dbd25544efb39fbefa20f98cba387834d67348e84a9f645c,county_within_state_patch75_500m,WUI-S,area_proportion,0.135840641849,0.107345802166,0.05,r,0.0,,run1,ELIGIBLE_FORMAL_N_GE_30,POSITIVE_SIGNIFICANT
national49_standardized_500m,CA,WUI-S,500,p_s,58,0,0.226618737136,-0.017543859649,0.006704220806,2.981981744888,0.002863890752,True,FORMAL_COMPLETE,3125eee1efdeed67dbd25544efb39fbefa20f98cba387834d67348e84a9f645c,county_within_state_patch75_500m,WUI-S,structure_proportion,0.583534615272,0.336923983171,0.05,r,0.0,,run1,ELIGIBLE_FORMAL_N_GE_30,POSITIVE_SIGNIFICANT
national49_standardized_500m,CA,WUI-Z,500,p_a,58,0,0.21874156744,-0.017543859649,0.006704220806,2.885777098705,0.0039044858,True,FORMAL_COMPLETE,3125eee1efdeed67dbd25544efb39fbefa20f98cba387834d67348e84a9f645c,county_within_state_patch75_500m,WUI-P,area_proportion,0.100092005033,0.094492629525,0.05,r,0.0,,run1,ELIGIBLE_FORMAL_N_GE_30,POSITIVE_SIGNIFICANT
national49_standardized_500m,CO,WUI-P,500,p_a,64,0,0.491359470071,-0.015873015873,0.005976317325,6.561305143701,5.3e-11,True,FORMAL_COMPLETE,24d8522d3f0a65de1ebd45ff426f29fce84800b68c46c984a4bb0d741be2215c,county_within_state_patch75_500m,WUI-P,area_proportion,0.104273874207,0.117411975757,0.05,r,0.0,,run1,ELIGIBLE_FORMAL_N_GE_30,POSITIVE_SIGNIFICANT
national49_standardized_500m,CO,WUI-P,500,p_s,58,0,0.412755392542,-0.017543859649,0.007311391432,5.032346928517,4.84511e-07,True,FORMAL_COMPLETE,1113739de390527829fe2a9c730e159d81c56f7bcdc62b466cedab449e00785d,county_within_state_patch75_500m,WUI-P,structure_proportion,0.647233911567,0.328387777035,0.05,r,0.0,,run1,ELIGIBLE_FORMAL_N_GE_30,POSITIVE_SIGNIFICANT
national49_standardized_500m,CO,WUI-S,500,p_a,64,0,0.501474913956,-0.015873015873,0.005976317325,6.692153454547,2.2e-11,True,FORMAL_COMPLETE,24d8522d3f0a65de1ebd45ff426f29fce84800b68c46c984a4bb0d741be2215c,county_within_state_patch75_500m,WUI-S,area_proportion,0.101904305467,0.090418788503,0.05,r,0.0,,run1,ELIGIBLE_FORMAL_N_GE_30,POSITIVE_SIGNIFICANT
national49_standardized_500m,CO,WUI-S,500,p_s,64,0,0.523070490587,-0.015873015873,0.005976317325,6.971503007181,3e-12,True,FORMAL_COMPLETE,24d8522d3f0a65de1ebd45ff426f29fce84800b68c46c984a4bb0d741be2215c,county_within_state_patch75_500m,WUI-S,structure_proportion,0.713096801326,0.255164069891,0.05,r,0.0,,run1,ELIGIBLE_FORMAL_N_GE_30,POSITIVE_SIGNIFICANT
national49_standardized_500m,CO,WUI-Z,500,p_a,64,0,0.521784795776,-0.015873015873,0.005976317325,6.954871903684,4e-12,True,FORMAL_COMPLETE,24d8522d3f0a65de1ebd45ff426f29fce84800b68c46c984a4bb0d741be2215c,county_within_state_patch75_500m,WUI-P,area_proportion,0.055780370545,0.076858878422,0.05,r,0.0,,run1,ELIGIBLE_FORMAL_N_GE_30,POSITIVE_SIGNIFICANT
national49_standardized_500m,CT,WUI-P,500,p_a,9,0,,,,,,,EXCLUDED_N_LT_30,2e4cecfa506532034c13b32b21cd5d01ec13a161a9f017fe663512cfd6dd9230,county_within_state_patch75_500m,WUI-P,area_proportion,0.582260550954,0.153083058549,0.05,r,0.0,,run1,EXCLUDED_N_LT_30,UNDEFINED
national49_standardized_500m,CT,WUI-P,500,p_s,9,0,,,,,,,EXCLUDED_N_LT_30,2e4cecfa506532034c13b32b21cd5d01ec13a161a9f017fe663512cfd6dd9230,county_within_state_patch75_500m,WUI-P,structure_proportion,0.585810467732,0.266544007988,0.05,r,0.0,,run1,EXCLUDED_N_LT_30,UNDEFINED
national49_standardized_500m,CT,WUI-S,500,p_a,9,0,,,,,,,EXCLUDED_N_LT_30,2e4cecfa506532034c13b32b21cd5d01ec13a161a9f017fe663512cfd6dd9230,county_within_state_patch75_500m,WUI-S,area_proportion,0.593380523232,0.161532949204,0.05,r,0.0,,run1,EXCLUDED_N_LT_30,UNDEFINED
national49_standardized_500m,CT,WUI-S,500,p_s,9,0,,,,,,,EXCLUDED_N_LT_30,2e4cecfa506532034c13b32b21cd5d01ec13a161a9f017fe663512cfd6dd9230,county_within_state_patch75_500m,WUI-S,structure_proportion,0.622753286222,0.26455037561,0.05,r,0.0,,run1,EXCLUDED_N_LT_30,UNDEFINED
national49_standardized_500m,CT,WUI-Z,500,p_a,9,0,,,,,,,EXCLUDED_N_LT_30,2e4cecfa506532034c13b32b21cd5d01ec13a161a9f017fe663512cfd6dd9230,county_within_state_patch75_500m,WUI-P,area_proportion,0.601615561433,0.154376192832,0.05,r,0.0,,run1,EXCLUDED_N_LT_30,UNDEFINED
national49_standardized_500m,DC,WUI-P,500,p_a,1,1,,,,,,,UNDEFINED,c6f7a634e185be6d8a5a94ec5f966039cc69f378b6d9201a47af977ae517ef63,county_within_state_patch75_500m,WUI-P,area_proportion,0.038927696265,0.0,0.05,r,0.0,,run1,UNDEFINED_N1_OR_S0_ZERO,UNDEFINED
national49_standardized_500m,DC,WUI-P,500,p_s,1,1,,,,,,,UNDEFINED,c6f7a634e185be6d8a5a94ec5f966039cc69f378b6d9201a47af977ae517ef63,county_within_state_patch75_500m,WUI-P,structure_proportion,0.001393167338,0.0,0.05,r,0.0,,run1,UNDEFINED_N1_OR_S0_ZERO,UNDEFINED
national49_standardized_500m,DC,WUI-S,500,p_a,1,1,,,,,,,UNDEFINED,c6f7a634e185be6d8a5a94ec5f966039cc69f378b6d9201a47af977ae517ef63,county_within_state_patch75_500m,WUI-S,area_proportion,0.033365870522,0.0,0.05,r,0.0,,run1,UNDEFINED_N1_OR_S0_ZERO,UNDEFINED
national49_standardized_500m,DC,WUI-S,500,p_s,1,1,,,,,,,UNDEFINED,c6f7a634e185be6d8a5a94ec5f966039cc69f378b6d9201a47af977ae517ef63,county_within_state_patch75_500m,WUI-S,structure_proportion,0.001968740607,0.0,0.05,r,0.0,,run1,UNDEFINED_N1_OR_S0_ZERO,UNDEFINED
national49_standardized_500m,DC,WUI-Z,500,p_a,1,1,,,,,,,UNDEFINED,c6f7a634e185be6d8a5a94ec5f966039cc69f378b6d9201a47af977ae517ef63,county_within_state_patch75_500m,WUI-P,area_proportion,0.010401732605,0.0,0.05,r,0.0,,run1,UNDEFINED_N1_OR_S0_ZERO,UNDEFINED
national49_standardized_500m,DE,WUI-P,500,p_a,3,0,,,,,,,EXCLUDED_N_LT_30,30f3ecf010fe846e70f920daad27c46ee77192aea29d73596f903b85aef4a486,county_within_state_patch75_500m,WUI-P,area_proportion,0.163683509613,0.035033367579,0.05,r,0.0,,run1,EXCLUDED_N_LT_30,UNDEFINED
national49_standardized_500m,DE,WUI-P,500,p_s,3,0,,,,,,,EXCLUDED_N_LT_30,30f3ecf010fe846e70f920daad27c46ee77192aea29d73596f903b85aef4a486,county_within_state_patch75_500m,WUI-P,structure_proportion,0.102424486563,0.062196412179,0.05,r,0.0,,run1,EXCLUDED_N_LT_30,UNDEFINED
national49_standardized_500m,DE,WUI-S,500,p_a,3,0,,,,,,,EXCLUDED_N_LT_30,30f3ecf010fe846e70f920daad27c46ee77192aea29d73596f903b85aef4a486,county_within_state_patch75_500m,WUI-S,area_proportion,0.151755248846,0.03412362409,0.05,r,0.0,,run1,EXCLUDED_N_LT_30,UNDEFINED
national49_standardized_500m,DE,WUI-S,500,p_s,3,0,,,,,,,EXCLUDED_N_LT_30,30f3ecf010fe846e70f920daad27c46ee77192aea29d73596f903b85aef4a486,county_within_state_patch75_500m,WUI-S,structure_proportion,0.105958749018,0.059913293179,0.05,r,0.0,,run1,EXCLUDED_N_LT_30,UNDEFINED
national49_standardized_500m,DE,WUI-Z,500,p_a,3,0,,,,,,,EXCLUDED_N_LT_30,30f3ecf010fe846e70f920daad27c46ee77192aea29d73596f903b85aef4a486,county_within_state_patch75_500m,WUI-P,area_proportion,0.158603437276,0.036990851461,0.05,r,0.0,,run1,EXCLUDED_N_LT_30,UNDEFINED
national49_standardized_500m,FL,WUI-P,500,p_a,67,0,0.568451308677,-0.015151515152,0.006553587888,7.209046396601,1e-12,True,FORMAL_COMPLETE,104f6731c9f83335756d169a17b5c361bb27549fdae812b96ce8cafdbe6b60a1,county_within_state_patch75_500m,WUI-P,area_proportion,0.264972337218,0.158369528645,0.05,r,0.0,,run1,ELIGIBLE_FORMAL_N_GE_30,POSITIVE_SIGNIFICANT
national49_standardized_500m,FL,WUI-P,500,p_s,67,0,0.665616390977,-0.015151515152,0.006553587888,8.409293478735,0.0,True,FORMAL_COMPLETE,104f6731c9f83335756d169a17b5c361bb27549fdae812b96ce8cafdbe6b60a1,county_within_state_patch75_500m,WUI-P,structure_proportion,0.528687126984,0.296293288617,0.05,r,0.0,,run1,ELIGIBLE_FORMAL_N_GE_30,POSITIVE_SIGNIFICANT
national49_standardized_500m,FL,WUI-S,500,p_a,67,0,0.564768839894,-0.015151515152,0.006553587888,7.16355811719,1e-12,True,FORMAL_COMPLETE,104f6731c9f83335756d169a17b5c361bb27549fdae812b96ce8cafdbe6b60a1,county_within_state_patch75_500m,WUI-S,area_proportion,0.191228187356,0.121556181483,0.05,r,0.0,,run1,ELIGIBLE_FORMAL_N_GE_30,POSITIVE_SIGNIFICANT
national49_standardized_500m,FL,WUI-S,500,p_s,67,0,0.683140042959,-0.015151515152,0.006553587888,8.625757167773,0.0,True,FORMAL_COMPLETE,104f6731c9f83335756d169a17b5c361bb27549fdae812b96ce8cafdbe6b60a1,county_within_state_patch75_500m,WUI-S,structure_proportion,0.515481079239,0.300038770542,0.05,r,0.0,,run1,ELIGIBLE_FORMAL_N_GE_30,POSITIVE_SIGNIFICANT
national49_standardized_500m,FL,WUI-Z,500,p_a,67,0,0.475964796419,-0.015151515152,0.006553587888,6.066592092564,1.307e-09,True,FORMAL_COMPLETE,104f6731c9f83335756d169a17b5c361bb27549fdae812b96ce8cafdbe6b60a1,county_within_state_patch75_500m,WUI-P,area_proportion,0.175471092256,0.119872546065,0.05,r,0.0,,run1,ELIGIBLE_FORMAL_N_GE_30,POSITIVE_SIGNIFICANT
national49_standardized_500m,GA,WUI-P,500,p_a,159,0,0.141075435875,-0.006329113924,0.002390199404,3.015045162177,0.002569409936,True,FORMAL_COMPLETE,27c7c65922ffd154206ed87ab01c2db8752f024d9f1d583cae90e81967f1e464,county_within_state_patch75_500m,WUI-P,area_proportion,0.255198409736,0.209746024353,0.05,r,0.0,,run1,ELIGIBLE_FORMAL_N_GE_30,POSITIVE_SIGNIFICANT
national49_standardized_500m,GA,WUI-P,500,p_s,154,0,0.458694970021,-0.006535947712,0.002498248743,9.307879023626,0.0,True,FORMAL_COMPLETE,f09835ce30ec4ab17c714f45a47793386f3e78ee11e7a65603bfed97328801aa,county_within_state_patch75_500m,WUI-P,structure_proportion,0.640915352444,0.288283464499,0.05,r,0.0,,run1,ELIGIBLE_FORMAL_N_GE_30,POSITIVE_SIGNIFICANT
national49_standardized_500m,GA,WUI-S,500,p_a,159,0,0.610164412438,-0.006329113924,0.002390199404,12.609894516226,0.0,True,FORMAL_COMPLETE,27c7c65922ffd154206ed87ab01c2db8752f024d9f1d583cae90e81967f1e464,county_within_state_patch75_500m,WUI-S,area_proportion,0.35195813543,0.167947052614,0.05,r,0.0,,run1,ELIGIBLE_FORMAL_N_GE_30,POSITIVE_SIGNIFICANT
national49_standardized_500m,GA,WUI-S,500,p_s,159,0,0.504596332184,-0.006329113924,0.002390199404,10.450581726441,0.0,True,FORMAL_COMPLETE,27c7c65922ffd154206ed87ab01c2db8752f024d9f1d583cae90e81967f1e464,county_within_state_patch75_500m,WUI-S,structure_proportion,0.680037208032,0.268765207548,0.05,r,0.0,,run1,ELIGIBLE_FORMAL_N_GE_30,POSITIVE_SIGNIFICANT
national49_standardized_500m,GA,WUI-Z,500,p_a,159,0,0.654152807985,-0.006329113924,0.002390199404,13.50964285754,0.0,True,FORMAL_COMPLETE,27c7c65922ffd154206ed87ab01c2db8752f024d9f1d583cae90e81967f1e464,county_within_state_patch75_500m,WUI-P,area_proportion,0.285626904377,0.199300341895,0.05,r,0.0,,run1,ELIGIBLE_FORMAL_N_GE_30,POSITIVE_SIGNIFICANT
national49_standardized_500m,IA,WUI-P,500,p_a,99,0,0.136699500172,-0.010204081633,0.00335188197,2.537394687189,0.01116809642,True,FORMAL_COMPLETE,cc3bc7f4ca2fe212ffe7e08e637f40b42f53414a89bbf897a430969fa2ea262b,county_within_state_patch75_500m,WUI-P,area_proportion,0.015146656079,0.028097217313,0.05,r,0.0,,run1,ELIGIBLE_FORMAL_N_GE_30,POSITIVE_SIGNIFICANT
national49_standardized_500m,IA,WUI-P,500,p_s,99,0,0.109755494926,-0.010204081633,0.00335188197,2.072003885117,0.038265078878,True,FORMAL_COMPLETE,cc3bc7f4ca2fe212ffe7e08e637f40b42f53414a89bbf897a430969fa2ea262b,county_within_state_patch75_500m,WUI-P,structure_proportion,0.031656005908,0.062668886216,0.05,r,0.0,,run1,ELIGIBLE_FORMAL_N_GE_30,POSITIVE_SIGNIFICANT
national49_standardized_500m,IA,WUI-S,500,p_a,99,0,0.439557157384,-0.010204081633,0.00335188197,7.768508870667,0.0,True,FORMAL_COMPLETE,cc3bc7f4ca2fe212ffe7e08e637f40b42f53414a89bbf897a430969fa2ea262b,county_within_state_patch75_500m,WUI-S,area_proportion,0.019850209708,0.024360247851,0.05,r,0.0,,run1,ELIGIBLE_FORMAL_N_GE_30,POSITIVE_SIGNIFICANT
national49_standardized_500m,IA,WUI-S,500,p_s,99,0,0.193983466737,-0.010204081633,0.00335188197,3.52683300202,0.000420561935,True,FORMAL_COMPLETE,cc3bc7f4ca2fe212ffe7e08e637f40b42f53414a89bbf897a430969fa2ea262b,county_within_state_patch75_500m,WUI-S,structure_proportion,0.029889297908,0.05086537101,0.05,r,0.0,,run1,ELIGIBLE_FORMAL_N_GE_30,POSITIVE_SIGNIFICANT
national49_standardized_500m,IA,WUI-Z,500,p_a,99,0,0.271675170014,-0.010204081633,0.00335188197,4.868764306293,1.122982e-06,True,FORMAL_COMPLETE,cc3bc7f4ca2fe212ffe7e08e637f40b42f53414a89bbf897a430969fa2ea262b,county_within_state_patch75_500m,WUI-P,area_proportion,0.007034252161,0.011019908574,0.05,r,0.0,,run1,ELIGIBLE_FORMAL_N_GE_30,POSITIVE_SIGNIFICANT
national49_standardized_500m,ID,WUI-P,500,p_a,44,0,0.231176995274,-0.023255813953,0.009646444561,2.590535073948,0.009582685601,True,FORMAL_COMPLETE,7b4f124a1d324c53c5b56e08d06e685b936b0090ba87f0a05d65d4dff7df1e00,county_within_state_patch75_500m,WUI-P,area_proportion,0.083503297546,0.072237563805,0.05,r,0.0,,run1,ELIGIBLE_FORMAL_N_GE_30,POSITIVE_SIGNIFICANT
national49_standardized_500m,ID,WUI-P,500,p_s,44,0,0.22872497598,-0.023255813953,0.009646444561,2.565569575189,0.010300656099,True,FORMAL_COMPLETE,7b4f124a1d324c53c5b56e08d06e685b936b0090ba87f0a05d65d4dff7df1e00,county_within_state_patch75_500m,WUI-P,structure_proportion,0.606289932989,0.305686505191,0.05,r,0.0,,run1,ELIGIBLE_FORMAL_N_GE_30,POSITIVE_SIGNIFICANT
national49_standardized_500m,ID,WUI-S,500,p_a,44,0,0.283984746161,-0.023255813953,0.009646444561,3.128202882063,0.001758787323,True,FORMAL_COMPLETE,7b4f124a1d324c53c5b56e08d06e685b936b0090ba87f0a05d65d4dff7df1e00,county_within_state_patch75_500m,WUI-S,area_proportion,0.078083902831,0.062711742631,0.05,r,0.0,,run1,ELIGIBLE_FORMAL_N_GE_30,POSITIVE_SIGNIFICANT
national49_standardized_500m,ID,WUI-S,500,p_s,44,0,0.262996870976,-0.023255813953,0.009646444561,2.914512568462,0.003562444639,True,FORMAL_COMPLETE,7b4f124a1d324c53c5b56e08d06e685b936b0090ba87f0a05d65d4dff7df1e00,county_within_state_patch75_500m,WUI-S,structure_proportion,0.611605992197,0.304809885018,0.05,r,0.0,,run1,ELIGIBLE_FORMAL_N_GE_30,POSITIVE_SIGNIFICANT
national49_standardized_500m,ID,WUI-Z,500,p_a,44,0,0.320989893646,-0.023255813953,0.009646444561,3.504974780187,0.000456650539,True,FORMAL_COMPLETE,7b4f124a1d324c53c5b56e08d06e685b936b0090ba87f0a05d65d4dff7df1e00,county_within_state_patch75_500m,WUI-P,area_proportion,0.032832390124,0.041249655805,0.05,r,0.0,,run1,ELIGIBLE_FORMAL_N_GE_30,POSITIVE_SIGNIFICANT
national49_standardized_500m,IL,WUI-P,500,p_a,102,0,0.040375081226,-0.009900990099,0.003770681867,0.818750140329,0.41292898313,False,FORMAL_COMPLETE,6009402011bee9ede489c6310ab7277f7a8e05a792036dab88dcfc383057351b,county_within_state_patch75_500m,WUI-P,area_proportion,0.031833647293,0.058804401243,0.05,r,0.0,,run1,ELIGIBLE_FORMAL_N_GE_30,NOT_SIGNIFICANT
national49_standardized_500m,IL,WUI-P,500,p_s,83,0,0.205994279552,-0.012195121951,0.006094577236,2.794871585809,0.005192033438,True,FORMAL_COMPLETE,fb2e702d939465057ad3b943ea67973dfd9aa7fc298dc5e94cf6c73f6134b4e1,county_within_state_patch75_500m,WUI-P,structure_proportion,0.072871510935,0.138669059341,0.05,r,0.0,,run1,ELIGIBLE_FORMAL_N_GE_30,POSITIVE_SIGNIFICANT
national49_standardized_500m,IL,WUI-S,500,p_a,102,0,0.512392294128,-0.009900990099,0.003770681867,8.505590999556,0.0,True,FORMAL_COMPLETE,6009402011bee9ede489c6310ab7277f7a8e05a792036dab88dcfc383057351b,county_within_state_patch75_500m,WUI-S,area_proportion,0.059389566917,0.067052707824,0.05,r,0.0,,run1,ELIGIBLE_FORMAL_N_GE_30,POSITIVE_SIGNIFICANT
national49_standardized_500m,IL,WUI-S,500,p_s,102,0,0.430552992376,-0.009900990099,0.003770681867,7.172830940383,1e-12,True,FORMAL_COMPLETE,6009402011bee9ede489c6310ab7277f7a8e05a792036dab88dcfc383057351b,county_within_state_patch75_500m,WUI-S,structure_proportion,0.090194273644,0.136196992071,0.05,r,0.0,,run1,ELIGIBLE_FORMAL_N_GE_30,POSITIVE_SIGNIFICANT
national49_standardized_500m,IL,WUI-Z,500,p_a,102,0,0.458984087255,-0.009900990099,0.003770681867,7.635833762771,0.0,True,FORMAL_COMPLETE,6009402011bee9ede489c6310ab7277f7a8e05a792036dab88dcfc383057351b,county_within_state_patch75_500m,WUI-P,area_proportion,0.027905358219,0.032617127664,0.05,r,0.0,,run1,ELIGIBLE_FORMAL_N_GE_30,POSITIVE_SIGNIFICANT
national49_standardized_500m,IN,WUI-P,500,p_a,92,0,0.616123269998,-0.010989010989,0.004144180943,9.741502608943,0.0,True,FORMAL_COMPLETE,2ad2401a8e51caac35830c71293c7e44d85f2420f5e50c55c0c5211eedd5cfbe,county_within_state_patch75_500m,WUI-P,area_proportion,0.12129234168,0.141870318866,0.05,r,0.0,,run1,ELIGIBLE_FORMAL_N_GE_30,POSITIVE_SIGNIFICANT
national49_standardized_500m,IN,WUI-P,500,p_s,92,0,0.481657356134,-0.010989010989,0.004144180943,7.652721874718,0.0,True,FORMAL_COMPLETE,2ad2401a8e51caac35830c71293c7e44d85f2420f5e50c55c0c5211eedd5cfbe,county_within_state_patch75_500m,WUI-P,structure_proportion,0.161752881346,0.212127934555,0.05,r,0.0,,run1,ELIGIBLE_FORMAL_N_GE_30,POSITIVE_SIGNIFICANT
national49_standardized_500m,IN,WUI-S,500,p_a,92,0,0.681734742283,-0.010989010989,0.004144180943,10.760704987564,0.0,True,FORMAL_COMPLETE,2ad2401a8e51caac35830c71293c7e44d85f2420f5e50c55c0c5211eedd5cfbe,county_within_state_patch75_500m,WUI-S,area_proportion,0.143799037996,0.162344521705,0.05,r,0.0,,run1,ELIGIBLE_FORMAL_N_GE_30,POSITIVE_SIGNIFICANT
national49_standardized_500m,IN,WUI-S,500,p_s,92,0,0.491787705807,-0.010989010989,0.004144180943,7.81008576435,0.0,True,FORMAL_COMPLETE,2ad2401a8e51caac35830c71293c7e44d85f2420f5e50c55c0c5211eedd5cfbe,county_within_state_patch75_500m,WUI-S,structure_proportion,0.169477924489,0.224011736162,0.05,r,0.0,,run1,ELIGIBLE_FORMAL_N_GE_30,POSITIVE_SIGNIFICANT
national49_standardized_500m,IN,WUI-Z,500,p_a,92,0,0.581310463812,-0.010989010989,0.004144180943,9.200723784223,0.0,True,FORMAL_COMPLETE,2ad2401a8e51caac35830c71293c7e44d85f2420f5e50c55c0c5211eedd5cfbe,county_within_state_patch75_500m,WUI-P,area_proportion,0.107925792897,0.136152580034,0.05,r,0.0,,run1,ELIGIBLE_FORMAL_N_GE_30,POSITIVE_SIGNIFICANT
national49_standardized_500m,KS,WUI-P,500,p_a,105,0,0.393343342845,-0.009615384615,0.003588127005,6.72708109139,1.7e-11,True,FORMAL_COMPLETE,4d72da168d87d7ddcf399da8d4ada2f8ab31f891a78eb610fb6b784557fd7000,county_within_state_patch75_500m,WUI-P,area_proportion,0.033413507,0.05305311983,0.05,r,0.0,,run1,ELIGIBLE_FORMAL_N_GE_30,POSITIVE_SIGNIFICANT
national49_standardized_500m,KS,WUI-P,500,p_s,100,0,0.194363812059,-0.010101010101,0.0039370688,3.258607832555,0.001119603182,True,FORMAL_COMPLETE,ce13e36433169fcc486b1177220317638bb7b4c50c6227fa7c68ef9704d45887,county_within_state_patch75_500m,WUI-P,structure_proportion,0.256017382499,0.268760032872,0.05,r,0.0,,run1,ELIGIBLE_FORMAL_N_GE_30,POSITIVE_SIGNIFICANT
national49_standardized_500m,KS,WUI-S,500,p_a,105,0,0.577035254265,-0.009615384615,0.003588127005,9.79367401952,0.0,True,FORMAL_COMPLETE,4d72da168d87d7ddcf399da8d4ada2f8ab31f891a78eb610fb6b784557fd7000,county_within_state_patch75_500m,WUI-S,area_proportion,0.063828985501,0.05796472471,0.05,r,0.0,,run1,ELIGIBLE_FORMAL_N_GE_30,POSITIVE_SIGNIFICANT
national49_standardized_500m,KS,WUI-S,500,p_s,105,0,0.311231407566,-0.009615384615,0.003588127005,5.356286492468,8.495e-08,True,FORMAL_COMPLETE,4d72da168d87d7ddcf399da8d4ada2f8ab31f891a78eb610fb6b784557fd7000,county_within_state_patch75_500m,WUI-S,structure_proportion,0.314123125032,0.260216281501,0.05,r,0.0,,run1,ELIGIBLE_FORMAL_N_GE_30,POSITIVE_SIGNIFICANT
national49_standardized_500m,KS,WUI-Z,500,p_a,105,0,0.275704602675,-0.009615384615,0.003588127005,4.763194244708,1.905523e-06,True,FORMAL_COMPLETE,4d72da168d87d7ddcf399da8d4ada2f8ab31f891a78eb610fb6b784557fd7000,county_within_state_patch75_500m,WUI-P,area_proportion,0.013256372723,0.028622704591,0.05,r,0.0,,run1,ELIGIBLE_FORMAL_N_GE_30,POSITIVE_SIGNIFICANT
national49_standardized_500m,KY,WUI-P,500,p_a,120,0,0.622068595501,-0.008403361345,0.003315398881,10.94959058427,0.0,True,FORMAL_COMPLETE,5b103fa1e3d2730b04f602093b0457d41933786c7553fd97c42b26c8756df7be,county_within_state_patch75_500m,WUI-P,area_proportion,0.25143748373,0.14740777968,0.05,r,0.0,,run1,ELIGIBLE_FORMAL_N_GE_30,POSITIVE_SIGNIFICANT
national49_standardized_500m,KY,WUI-P,500,p_s,120,0,0.700607191653,-0.008403361345,0.003315398881,12.313593318409,0.0,True,FORMAL_COMPLETE,5b103fa1e3d2730b04f602093b0457d41933786c7553fd97c42b26c8756df7be,county_within_state_patch75_500m,WUI-P,structure_proportion,0.439872601689,0.342867144053,0.05,r,0.0,,run1,ELIGIBLE_FORMAL_N_GE_30,POSITIVE_SIGNIFICANT
national49_standardized_500m,KY,WUI-S,500,p_a,120,0,0.59642899212,-0.008403361345,0.003315398881,10.504300105101,0.0,True,FORMAL_COMPLETE,5b103fa1e3d2730b04f602093b0457d41933786c7553fd97c42b26c8756df7be,county_within_state_patch75_500m,WUI-S,area_proportion,0.287883771692,0.153255441755,0.05,r,0.0,,run1,ELIGIBLE_FORMAL_N_GE_30,POSITIVE_SIGNIFICANT
national49_standardized_500m,KY,WUI-S,500,p_s,120,0,0.699187202424,-0.008403361345,0.003315398881,12.288931950794,0.0,True,FORMAL_COMPLETE,5b103fa1e3d2730b04f602093b0457d41933786c7553fd97c42b26c8756df7be,county_within_state_patch75_500m,WUI-S,structure_proportion,0.452082885458,0.33693812551,0.05,r,0.0,,run1,ELIGIBLE_FORMAL_N_GE_30,POSITIVE_SIGNIFICANT
national49_standardized_500m,KY,WUI-Z,500,p_a,120,0,0.459368085586,-0.008403361345,0.003315398881,8.123923316951,0.0,True,FORMAL_COMPLETE,5b103fa1e3d2730b04f602093b0457d41933786c7553fd97c42b26c8756df7be,county_within_state_patch75_500m,WUI-P,area_proportion,0.210740423546,0.150875330757,0.05,r,0.0,,run1,ELIGIBLE_FORMAL_N_GE_30,POSITIVE_SIGNIFICANT
national49_standardized_500m,LA,WUI-P,500,p_a,64,0,0.283535004847,-0.015873015873,0.00606643371,3.84411792699,0.00012098682,True,FORMAL_COMPLETE,993f33c50869e995fa6b2cde526336297f26f424b568ebdf33be78ea4dc9e740,county_within_state_patch75_500m,WUI-P,area_proportion,0.118393043946,0.152083033591,0.05,r,0.0,,run1,ELIGIBLE_FORMAL_N_GE_30,POSITIVE_SIGNIFICANT
national49_standardized_500m,LA,WUI-P,500,p_s,57,0,0.276418326694,-0.017857142857,0.007330746061,3.437003492818,0.000588188018,True,FORMAL_COMPLETE,27c12169a08767e1cbe85cb66dfe15fa097f80470ca20b9b89c581a226da8026,county_within_state_patch75_500m,WUI-P,structure_proportion,0.563993842129,0.330214738982,0.05,r,0.0,,run1,ELIGIBLE_FORMAL_N_GE_30,POSITIVE_SIGNIFICANT
national49_standardized_500m,LA,WUI-S,500,p_a,64,0,0.560009687523,-0.015873015873,0.00606643371,7.393793321385,0.0,True,FORMAL_COMPLETE,993f33c50869e995fa6b2cde526336297f26f424b568ebdf33be78ea4dc9e740,county_within_state_patch75_500m,WUI-S,area_proportion,0.177766067138,0.12995707714,0.05,r,0.0,,run1,ELIGIBLE_FORMAL_N_GE_30,POSITIVE_SIGNIFICANT
national49_standardized_500m,LA,WUI-S,500,p_s,64,0,0.404699549533,-0.015873015873,0.00606643371,5.39975694168,6.6731e-08,True,FORMAL_COMPLETE,993f33c50869e995fa6b2cde526336297f26f424b568ebdf33be78ea4dc9e740,county_within_state_patch75_500m,WUI-S,structure_proportion,0.576298879186,0.311716353696,0.05,r,0.0,,run1,ELIGIBLE_FORMAL_N_GE_30,POSITIVE_SIGNIFICANT
national49_standardized_500m,LA,WUI-Z,500,p_a,64,0,0.462918713459,-0.015873015873,0.00606643371,6.14723635525,7.88e-10,True,FORMAL_COMPLETE,993f33c50869e995fa6b2cde526336297f26f424b568ebdf33be78ea4dc9e740,county_within_state_patch75_500m,WUI-P,area_proportion,0.142940733645,0.128956185073,0.05,r,0.0,,run1,ELIGIBLE_FORMAL_N_GE_30,POSITIVE_SIGNIFICANT
national49_standardized_500m,MA,WUI-P,500,p_a,14,0,,,,,,,EXCLUDED_N_LT_30,4f9644ee0a1c3bea3bddca6c45f303d119dfbcadbf6699fd6c2fea226b87d905,county_within_state_patch75_500m,WUI-P,area_proportion,0.417503140367,0.208866249822,0.05,r,0.0,,run1,EXCLUDED_N_LT_30,UNDEFINED
national49_standardized_500m,MA,WUI-P,500,p_s,14,0,,,,,,,EXCLUDED_N_LT_30,4f9644ee0a1c3bea3bddca6c45f303d119dfbcadbf6699fd6c2fea226b87d905,county_within_state_patch75_500m,WUI-P,structure_proportion,0.523430543299,0.273964908562,0.05,r,0.0,,run1,EXCLUDED_N_LT_30,UNDEFINED
national49_standardized_500m,MA,WUI-S,500,p_a,14,0,,,,,,,EXCLUDED_N_LT_30,4f9644ee0a1c3bea3bddca6c45f303d119dfbcadbf6699fd6c2fea226b87d905,county_within_state_patch75_500m,WUI-S,area_proportion,0.427767098492,0.215621006826,0.05,r,0.0,,run1,EXCLUDED_N_LT_30,UNDEFINED
national49_standardized_500m,MA,WUI-S,500,p_s,14,0,,,,,,,EXCLUDED_N_LT_30,4f9644ee0a1c3bea3bddca6c45f303d119dfbcadbf6699fd6c2fea226b87d905,county_within_state_patch75_500m,WUI-S,structure_proportion,0.571570033219,0.265588538605,0.05,r,0.0,,run1,EXCLUDED_N_LT_30,UNDEFINED
national49_standardized_500m,MA,WUI-Z,500,p_a,14,0,,,,,,,EXCLUDED_N_LT_30,4f9644ee0a1c3bea3bddca6c45f303d119dfbcadbf6699fd6c2fea226b87d905,county_within_state_patch75_500m,WUI-P,area_proportion,0.421968046621,0.21696719673,0.05,r,0.0,,run1,EXCLUDED_N_LT_30,UNDEFINED
national49_standardized_500m,MD,WUI-P,500,p_a,24,0,,,,,,,EXCLUDED_N_LT_30,eed052be11c76fbe5eee470d87026dd4c5d6ebb688af06e1145ec8a9ff9846ce,county_within_state_patch75_500m,WUI-P,area_proportion,0.307211986489,0.164329723672,0.05,r,0.0,,run1,EXCLUDED_N_LT_30,UNDEFINED
national49_standardized_500m,MD,WUI-P,500,p_s,24,0,,,,,,,EXCLUDED_N_LT_30,eed052be11c76fbe5eee470d87026dd4c5d6ebb688af06e1145ec8a9ff9846ce,county_within_state_patch75_500m,WUI-P,structure_proportion,0.354271631664,0.302450845117,0.05,r,0.0,,run1,EXCLUDED_N_LT_30,UNDEFINED
national49_standardized_500m,MD,WUI-S,500,p_a,24,0,,,,,,,EXCLUDED_N_LT_30,eed052be11c76fbe5eee470d87026dd4c5d6ebb688af06e1145ec8a9ff9846ce,county_within_state_patch75_500m,WUI-S,area_proportion,0.272515958736,0.147394840679,0.05,r,0.0,,run1,EXCLUDED_N_LT_30,UNDEFINED
national49_standardized_500m,MD,WUI-S,500,p_s,24,0,,,,,,,EXCLUDED_N_LT_30,eed052be11c76fbe5eee470d87026dd4c5d6ebb688af06e1145ec8a9ff9846ce,county_within_state_patch75_500m,WUI-S,structure_proportion,0.353380767035,0.296736785356,0.05,r,0.0,,run1,EXCLUDED_N_LT_30,UNDEFINED
national49_standardized_500m,MD,WUI-Z,500,p_a,24,0,,,,,,,EXCLUDED_N_LT_30,eed052be11c76fbe5eee470d87026dd4c5d6ebb688af06e1145ec8a9ff9846ce,county_within_state_patch75_500m,WUI-P,area_proportion,0.250492930169,0.149412204068,0.05,r,0.0,,run1,EXCLUDED_N_LT_30,UNDEFINED
national49_standardized_500m,ME,WUI-P,500,p_a,16,0,,,,,,,EXCLUDED_N_LT_30,e5604fa927a04c17a205d1af3a4d2e3928974978370e50c63365eef21a43b529,county_within_state_patch75_500m,WUI-P,area_proportion,0.335865167768,0.215231967688,0.05,r,0.0,,run1,EXCLUDED_N_LT_30,UNDEFINED
national49_standardized_500m,ME,WUI-P,500,p_s,16,0,,,,,,,EXCLUDED_N_LT_30,e5604fa927a04c17a205d1af3a4d2e3928974978370e50c63365eef21a43b529,county_within_state_patch75_500m,WUI-P,structure_proportion,0.867242255459,0.11117839952,0.05,r,0.0,,run1,EXCLUDED_N_LT_30,UNDEFINED
national49_standardized_500m,ME,WUI-S,500,p_a,16,0,,,,,,,EXCLUDED_N_LT_30,e5604fa927a04c17a205d1af3a4d2e3928974978370e50c63365eef21a43b529,county_within_state_patch75_500m,WUI-S,area_proportion,0.356222891279,0.218527241728,0.05,r,0.0,,run1,EXCLUDED_N_LT_30,UNDEFINED
national49_standardized_500m,ME,WUI-S,500,p_s,16,0,,,,,,,EXCLUDED_N_LT_30,e5604fa927a04c17a205d1af3a4d2e3928974978370e50c63365eef21a43b529,county_within_state_patch75_500m,WUI-S,structure_proportion,0.89743672679,0.100530669342,0.05,r,0.0,,run1,EXCLUDED_N_LT_30,UNDEFINED
national49_standardized_500m,ME,WUI-Z,500,p_a,16,0,,,,,,,EXCLUDED_N_LT_30,e5604fa927a04c17a205d1af3a4d2e3928974978370e50c63365eef21a43b529,county_within_state_patch75_500m,WUI-P,area_proportion,0.356854914755,0.248620281843,0.05,r,0.0,,run1,EXCLUDED_N_LT_30,UNDEFINED
national49_standardized_500m,MI,WUI-P,500,p_a,83,0,0.105163891315,-0.012195121951,0.004417826471,1.765680508446,0.077449464656,False,FORMAL_COMPLETE,a3d5822cb0b078fda8fe6d7ed171d65653081e862b0f48cd3a80ae66925c960c,county_within_state_patch75_500m,WUI-P,area_proportion,0.076698991746,0.144562127433,0.05,r,0.0,,run1,ELIGIBLE_FORMAL_N_GE_30,NOT_SIGNIFICANT
national49_standardized_500m,MI,WUI-P,500,p_s,43,1,0.586825473398,-0.02380952381,0.012781382019,5.401231397295,6.6185e-08,True,FORMAL_COMPLETE,8501cb4c435820d17bdd185b55c1e9ab515c579043955e44788afbbcaf1632f5,county_within_state_patch75_500m,WUI-P,structure_proportion,0.400662095983,0.364619648424,0.05,r,0.0,,run1,ELIGIBLE_FORMAL_N_GE_30,POSITIVE_SIGNIFICANT
national49_standardized_500m,MI,WUI-S,500,p_a,83,0,0.450231731,-0.012195121951,0.004417826471,6.957267772722,3e-12,True,FORMAL_COMPLETE,a3d5822cb0b078fda8fe6d7ed171d65653081e862b0f48cd3a80ae66925c960c,county_within_state_patch75_500m,WUI-S,area_proportion,0.231498454403,0.152952386567,0.05,r,0.0,,run1,ELIGIBLE_FORMAL_N_GE_30,POSITIVE_SIGNIFICANT
national49_standardized_500m,MI,WUI-S,500,p_s,83,0,0.839633211267,-0.012195121951,0.004417826471,12.815860006344,0.0,True,FORMAL_COMPLETE,a3d5822cb0b078fda8fe6d7ed171d65653081e862b0f48cd3a80ae66925c960c,county_within_state_patch75_500m,WUI-S,structure_proportion,0.576626494794,0.361530595247,0.05,r,0.0,,run1,ELIGIBLE_FORMAL_N_GE_30,POSITIVE_SIGNIFICANT
national49_standardized_500m,MI,WUI-Z,500,p_a,83,0,0.37936343919,-0.012195121951,0.004417826471,5.891045775511,3.838e-09,True,FORMAL_COMPLETE,a3d5822cb0b078fda8fe6d7ed171d65653081e862b0f48cd3a80ae66925c960c,county_within_state_patch75_500m,WUI-P,area_proportion,0.174993992818,0.127305223247,0.05,r,0.0,,run1,ELIGIBLE_FORMAL_N_GE_30,POSITIVE_SIGNIFICANT
national49_standardized_500m,MN,WUI-P,500,p_a,87,0,0.536781525339,-0.011627906977,0.004643289088,8.048075726161,0.0,True,FORMAL_COMPLETE,486f6133d293127f43298adf9e3f5ee96ba51091991db04bf6ec6c35554342aa,county_within_state_patch75_500m,WUI-P,area_proportion,0.089573889273,0.138909886742,0.05,r,0.0,,run1,ELIGIBLE_FORMAL_N_GE_30,POSITIVE_SIGNIFICANT
national49_standardized_500m,MN,WUI-P,500,p_s,87,0,0.790197135213,-0.011627906977,0.004643289088,11.767027112256,0.0,True,FORMAL_COMPLETE,486f6133d293127f43298adf9e3f5ee96ba51091991db04bf6ec6c35554342aa,county_within_state_patch75_500m,WUI-P,structure_proportion,0.216241782915,0.308186090277,0.05,r,0.0,,run1,ELIGIBLE_FORMAL_N_GE_30,POSITIVE_SIGNIFICANT
national49_standardized_500m,MN,WUI-S,500,p_a,87,0,0.679530970736,-0.011627906977,0.004643289088,10.14296738689,0.0,True,FORMAL_COMPLETE,486f6133d293127f43298adf9e3f5ee96ba51091991db04bf6ec6c35554342aa,county_within_state_patch75_500m,WUI-S,area_proportion,0.088590444567,0.116923017685,0.05,r,0.0,,run1,ELIGIBLE_FORMAL_N_GE_30,POSITIVE_SIGNIFICANT
national49_standardized_500m,MN,WUI-S,500,p_s,87,0,0.824639172617,-0.011627906977,0.004643289088,12.272474518616,0.0,True,FORMAL_COMPLETE,486f6133d293127f43298adf9e3f5ee96ba51091991db04bf6ec6c35554342aa,county_within_state_patch75_500m,WUI-S,structure_proportion,0.216672107221,0.307349819052,0.05,r,0.0,,run1,ELIGIBLE_FORMAL_N_GE_30,POSITIVE_SIGNIFICANT
national49_standardized_500m,MN,WUI-Z,500,p_a,87,0,0.51174535093,-0.011627906977,0.004643289088,7.680662228753,0.0,True,FORMAL_COMPLETE,486f6133d293127f43298adf9e3f5ee96ba51091991db04bf6ec6c35554342aa,county_within_state_patch75_500m,WUI-P,area_proportion,0.043931182605,0.075193137801,0.05,r,0.0,,run1,ELIGIBLE_FORMAL_N_GE_30,POSITIVE_SIGNIFICANT
national49_standardized_500m,MO,WUI-P,500,p_a,115,0,0.30996150184,-0.008771929825,0.003490861471,5.394625627412,6.8667e-08,True,FORMAL_COMPLETE,c85b7e8dffb614bec65500febe2f4118906bea548d5a1788097e0e1caa1f8cd6,county_within_state_patch75_500m,WUI-P,area_proportion,0.026866650452,0.080405795457,0.05,r,0.0,,run1,ELIGIBLE_FORMAL_N_GE_30,POSITIVE_SIGNIFICANT
national49_standardized_500m,MO,WUI-P,500,p_s,53,0,0.460506580865,-0.019230769231,0.011004947244,4.573087903535,4.805884e-06,True,FORMAL_COMPLETE,6bc63258a5cc3d35128c4efeec4e310aa788ea8c8c7c4d8f12af446c4caa7eec,county_within_state_patch75_500m,WUI-P,structure_proportion,0.280246558641,0.361727819079,0.05,r,0.0,,run1,ELIGIBLE_FORMAL_N_GE_30,POSITIVE_SIGNIFICANT
national49_standardized_500m,MO,WUI-S,500,p_a,115,0,0.642932498749,-0.008771929825,0.003490861471,11.030224829321,0.0,True,FORMAL_COMPLETE,c85b7e8dffb614bec65500febe2f4118906bea548d5a1788097e0e1caa1f8cd6,county_within_state_patch75_500m,WUI-S,area_proportion,0.146527849625,0.143835375951,0.05,r,0.0,,run1,ELIGIBLE_FORMAL_N_GE_30,POSITIVE_SIGNIFICANT
national49_standardized_500m,MO,WUI-S,500,p_s,115,0,0.639330390182,-0.008771929825,0.003490861471,10.9692584378,0.0,True,FORMAL_COMPLETE,c85b7e8dffb614bec65500febe2f4118906bea548d5a1788097e0e1caa1f8cd6,county_within_state_patch75_500m,WUI-S,structure_proportion,0.26632817451,0.285714174761,0.05,r,0.0,,run1,ELIGIBLE_FORMAL_N_GE_30,POSITIVE_SIGNIFICANT
national49_standardized_500m,MO,WUI-Z,500,p_a,115,0,0.446157224576,-0.008771929825,0.003490861471,7.699764854196,0.0,True,FORMAL_COMPLETE,c85b7e8dffb614bec65500febe2f4118906bea548d5a1788097e0e1caa1f8cd6,county_within_state_patch75_500m,WUI-P,area_proportion,0.073479836204,0.105308424915,0.05,r,0.0,,run1,ELIGIBLE_FORMAL_N_GE_30,POSITIVE_SIGNIFICANT
national49_standardized_500m,MS,WUI-P,500,p_a,82,0,0.695514244636,-0.012345679012,0.004556651727,10.48635140077,0.0,True,FORMAL_COMPLETE,8930389d681d6e802ff12919a5a7b3e8421f66ba1c55f0b71de4bbb62ee65c27,county_within_state_patch75_500m,WUI-P,area_proportion,0.428695302886,0.211528512206,0.05,r,0.0,,run1,ELIGIBLE_FORMAL_N_GE_30,POSITIVE_SIGNIFICANT
national49_standardized_500m,MS,WUI-P,500,p_s,82,0,0.587483964758,-0.012345679012,0.004556651727,8.885973361442,0.0,True,FORMAL_COMPLETE,8930389d681d6e802ff12919a5a7b3e8421f66ba1c55f0b71de4bbb62ee65c27,county_within_state_patch75_500m,WUI-P,structure_proportion,0.63875966477,0.293030294655,0.05,r,0.0,,run1,ELIGIBLE_FORMAL_N_GE_30,POSITIVE_SIGNIFICANT
national49_standardized_500m,MS,WUI-S,500,p_a,82,0,0.690432744245,-0.012345679012,0.004556651727,10.411073232077,0.0,True,FORMAL_COMPLETE,8930389d681d6e802ff12919a5a7b3e8421f66ba1c55f0b71de4bbb62ee65c27,county_within_state_patch75_500m,WUI-S,area_proportion,0.283723175567,0.153480011784,0.05,r,0.0,,run1,ELIGIBLE_FORMAL_N_GE_30,POSITIVE_SIGNIFICANT
national49_standardized_500m,MS,WUI-S,500,p_s,82,0,0.585332514549,-0.012345679012,0.004556651727,8.854101430072,0.0,True,FORMAL_COMPLETE,8930389d681d6e802ff12919a5a7b3e8421f66ba1c55f0b71de4bbb62ee65c27,county_within_state_patch75_500m,WUI-S,structure_proportion,0.645093658593,0.298803936554,0.05,r,0.0,,run1,ELIGIBLE_FORMAL_N_GE_30,POSITIVE_SIGNIFICANT
national49_standardized_500m,MS,WUI-Z,500,p_a,82,0,0.462757225627,-0.012345679012,0.004556651727,7.038251274195,2e-12,True,FORMAL_COMPLETE,8930389d681d6e802ff12919a5a7b3e8421f66ba1c55f0b71de4bbb62ee65c27,county_within_state_patch75_500m,WUI-P,area_proportion,0.193966248393,0.132382975117,0.05,r,0.0,,run1,ELIGIBLE_FORMAL_N_GE_30,POSITIVE_SIGNIFICANT
national49_standardized_500m,MT,WUI-P,500,p_a,56,0,0.522791980552,-0.018181818182,0.007019484635,6.456893412563,1.07e-10,True,FORMAL_COMPLETE,173f6be68e5ecb160c422495a497f8580a07f226e4b9c11efeb68d8e101fc511,county_within_state_patch75_500m,WUI-P,area_proportion,0.050797273033,0.050055538394,0.05,r,0.0,,run1,ELIGIBLE_FORMAL_N_GE_30,POSITIVE_SIGNIFICANT
national49_standardized_500m,MT,WUI-P,500,p_s,56,0,0.49299552681,-0.018181818182,0.007019484635,6.101252295877,1.052e-09,True,FORMAL_COMPLETE,173f6be68e5ecb160c422495a497f8580a07f226e4b9c11efeb68d8e101fc511,county_within_state_patch75_500m,WUI-P,structure_proportion,0.520141605558,0.248676509064,0.05,r,0.0,,run1,ELIGIBLE_FORMAL_N_GE_30,POSITIVE_SIGNIFICANT
national49_standardized_500m,MT,WUI-S,500,p_a,56,0,0.356464030638,-0.018181818182,0.007019484635,4.471655224249,7.761649e-06,True,FORMAL_COMPLETE,173f6be68e5ecb160c422495a497f8580a07f226e4b9c11efeb68d8e101fc511,county_within_state_patch75_500m,WUI-S,area_proportion,0.051473058415,0.033326591144,0.05,r,0.0,,run1,ELIGIBLE_FORMAL_N_GE_30,POSITIVE_SIGNIFICANT
national49_standardized_500m,MT,WUI-S,500,p_s,56,0,0.494964846334,-0.018181818182,0.007019484635,6.12475747541,9.08e-10,True,FORMAL_COMPLETE,173f6be68e5ecb160c422495a497f8580a07f226e4b9c11efeb68d8e101fc511,county_within_state_patch75_500m,WUI-S,structure_proportion,0.698949374986,0.193029591739,0.05,r,0.0,,run1,ELIGIBLE_FORMAL_N_GE_30,POSITIVE_SIGNIFICANT
national49_standardized_500m,MT,WUI-Z,500,p_a,56,0,0.331663883591,-0.018181818182,0.007019484635,4.175648455578,2.971384e-05,True,FORMAL_COMPLETE,173f6be68e5ecb160c422495a497f8580a07f226e4b9c11efeb68d8e101fc511,county_within_state_patch75_500m,WUI-P,area_proportion,0.01481148421,0.021823555142,0.05,r,0.0,,run1,ELIGIBLE_FORMAL_N_GE_30,POSITIVE_SIGNIFICANT
national49_standardized_500m,NC,WUI-P,500,p_a,100,0,0.639302010457,-0.010101010101,0.003936528942,10.350410632199,0.0,True,FORMAL_COMPLETE,940473eb8f2744bd03fb30fba9153dd8a66b8eecee95d7c9c216a62f467ed426,county_within_state_patch75_500m,WUI-P,area_proportion,0.454388784894,0.188611570157,0.05,r,0.0,,run1,ELIGIBLE_FORMAL_N_GE_30,POSITIVE_SIGNIFICANT
national49_standardized_500m,NC,WUI-P,500,p_s,100,0,0.471467171731,-0.010101010101,0.003936528942,7.675400747415,0.0,True,FORMAL_COMPLETE,940473eb8f2744bd03fb30fba9153dd8a66b8eecee95d7c9c216a62f467ed426,county_within_state_patch75_500m,WUI-P,structure_proportion,0.59362730095,0.295831857979,0.05,r,0.0,,run1,ELIGIBLE_FORMAL_N_GE_30,POSITIVE_SIGNIFICANT
national49_standardized_500m,NC,WUI-S,500,p_a,100,0,0.657673765306,-0.010101010101,0.003936528942,10.643226034509,0.0,True,FORMAL_COMPLETE,940473eb8f2744bd03fb30fba9153dd8a66b8eecee95d7c9c216a62f467ed426,county_within_state_patch75_500m,WUI-S,area_proportion,0.3967210053,0.167621232477,0.05,r,0.0,,run1,ELIGIBLE_FORMAL_N_GE_30,POSITIVE_SIGNIFICANT
national49_standardized_500m,NC,WUI-S,500,p_s,100,0,0.481013261905,-0.010101010101,0.003936528942,7.827549644334,0.0,True,FORMAL_COMPLETE,940473eb8f2744bd03fb30fba9153dd8a66b8eecee95d7c9c216a62f467ed426,county_within_state_patch75_500m,WUI-S,structure_proportion,0.593572239477,0.290999923198,0.05,r,0.0,,run1,ELIGIBLE_FORMAL_N_GE_30,POSITIVE_SIGNIFICANT
national49_standardized_500m,NC,WUI-Z,500,p_a,100,0,0.63766407763,-0.010101010101,0.003936528942,10.324304690578,0.0,True,FORMAL_COMPLETE,940473eb8f2744bd03fb30fba9153dd8a66b8eecee95d7c9c216a62f467ed426,county_within_state_patch75_500m,WUI-P,area_proportion,0.392332920462,0.189053760225,0.05,r,0.0,,run1,ELIGIBLE_FORMAL_N_GE_30,POSITIVE_SIGNIFICANT
national49_standardized_500m,ND,WUI-P,500,p_a,53,0,0.175806045215,-0.019230769231,0.007292003258,2.283984582318,0.022372437062,True,FORMAL_COMPLETE,b1541f2edb1aab2fc0d3018cc395d17e3d460648f0d919f52620496b47f5e85a,county_within_state_patch75_500m,WUI-P,area_proportion,0.033565523057,0.057122006419,0.05,r,0.0,,run1,ELIGIBLE_FORMAL_N_GE_30,POSITIVE_SIGNIFICANT
national49_standardized_500m,ND,WUI-P,500,p_s,53,0,0.358118406216,-0.019230769231,0.007292003258,4.418959063295,9.917743e-06,True,FORMAL_COMPLETE,b1541f2edb1aab2fc0d3018cc395d17e3d460648f0d919f52620496b47f5e85a,county_within_state_patch75_500m,WUI-P,structure_proportion,0.11991433977,0.177376434031,0.05,r,0.0,,run1,ELIGIBLE_FORMAL_N_GE_30,POSITIVE_SIGNIFICANT
national49_standardized_500m,ND,WUI-S,500,p_a,53,0,0.5993503036,-0.019230769231,0.007292003258,7.243912577605,0.0,True,FORMAL_COMPLETE,b1541f2edb1aab2fc0d3018cc395d17e3d460648f0d919f52620496b47f5e85a,county_within_state_patch75_500m,WUI-S,area_proportion,0.036336171085,0.035386333815,0.05,r,0.0,,run1,ELIGIBLE_FORMAL_N_GE_30,POSITIVE_SIGNIFICANT
national49_standardized_500m,ND,WUI-S,500,p_s,53,0,0.603266329105,-0.019230769231,0.007292003258,7.289771314085,0.0,True,FORMAL_COMPLETE,b1541f2edb1aab2fc0d3018cc395d17e3d460648f0d919f52620496b47f5e85a,county_within_state_patch75_500m,WUI-S,structure_proportion,0.250946366005,0.255890919812,0.05,r,0.0,,run1,ELIGIBLE_FORMAL_N_GE_30,POSITIVE_SIGNIFICANT
national49_standardized_500m,ND,WUI-Z,500,p_a,53,0,0.03692069421,-0.019230769231,0.007292003258,0.657563430462,0.51081869966,False,FORMAL_COMPLETE,b1541f2edb1aab2fc0d3018cc395d17e3d460648f0d919f52620496b47f5e85a,county_within_state_patch75_500m,WUI-P,area_proportion,0.003598649081,0.008274782657,0.05,r,0.0,,run1,ELIGIBLE_FORMAL_N_GE_30,NOT_SIGNIFICANT
national49_standardized_500m,NE,WUI-P,500,p_a,93,0,0.162409580111,-0.010869565217,0.00409488912,2.707853870474,0.006771983268,True,FORMAL_COMPLETE,6a962fa609c29e7619f624e98acd8f9e513a30db2d05a88c3bbc224600db593a,county_within_state_patch75_500m,WUI-P,area_proportion,0.034320299748,0.03128582655,0.05,r,0.0,,run1,ELIGIBLE_FORMAL_N_GE_30,POSITIVE_SIGNIFICANT
national49_standardized_500m,NE,WUI-P,500,p_s,93,0,0.491277129565,-0.010869565217,0.00409488912,7.847106288713,0.0,True,FORMAL_COMPLETE,6a962fa609c29e7619f624e98acd8f9e513a30db2d05a88c3bbc224600db593a,county_within_state_patch75_500m,WUI-P,structure_proportion,0.242093518611,0.214580452437,0.05,r,0.0,,run1,ELIGIBLE_FORMAL_N_GE_30,POSITIVE_SIGNIFICANT
national49_standardized_500m,NE,WUI-S,500,p_a,93,0,0.3382375781,-0.010869565217,0.00409488912,5.455538965458,4.8825e-08,True,FORMAL_COMPLETE,6a962fa609c29e7619f624e98acd8f9e513a30db2d05a88c3bbc224600db593a,county_within_state_patch75_500m,WUI-S,area_proportion,0.060070905309,0.040881981535,0.05,r,0.0,,run1,ELIGIBLE_FORMAL_N_GE_30,POSITIVE_SIGNIFICANT
national49_standardized_500m,NE,WUI-S,500,p_s,93,0,0.762703878022,-0.010869565217,0.00409488912,12.08872445901,0.0,True,FORMAL_COMPLETE,6a962fa609c29e7619f624e98acd8f9e513a30db2d05a88c3bbc224600db593a,county_within_state_patch75_500m,WUI-S,structure_proportion,0.363537771404,0.302825045693,0.05,r,0.0,,run1,ELIGIBLE_FORMAL_N_GE_30,POSITIVE_SIGNIFICANT
national49_standardized_500m,NE,WUI-Z,500,p_a,93,0,0.13709529084,-0.010869565217,0.00409488912,2.312264452878,0.020763114342,True,FORMAL_COMPLETE,6a962fa609c29e7619f624e98acd8f9e513a30db2d05a88c3bbc224600db593a,county_within_state_patch75_500m,WUI-P,area_proportion,0.006897420125,0.011637039052,0.05,r,0.0,,run1,ELIGIBLE_FORMAL_N_GE_30,POSITIVE_SIGNIFICANT
national49_standardized_500m,NH,WUI-P,500,p_a,10,0,,,,,,,EXCLUDED_N_LT_30,7c4966b734f0c4b2ba176b0532ca1f6e946c54ed94842dfc7a71a5553b65b3e8,county_within_state_patch75_500m,WUI-P,area_proportion,0.610890792489,0.180751037067,0.05,r,0.0,,run1,EXCLUDED_N_LT_30,UNDEFINED
national49_standardized_500m,NH,WUI-P,500,p_s,10,0,,,,,,,EXCLUDED_N_LT_30,7c4966b734f0c4b2ba176b0532ca1f6e946c54ed94842dfc7a71a5553b65b3e8,county_within_state_patch75_500m,WUI-P,structure_proportion,0.874151341229,0.130576317301,0.05,r,0.0,,run1,EXCLUDED_N_LT_30,UNDEFINED
national49_standardized_500m,NH,WUI-S,500,p_a,10,0,,,,,,,EXCLUDED_N_LT_30,7c4966b734f0c4b2ba176b0532ca1f6e946c54ed94842dfc7a71a5553b65b3e8,county_within_state_patch75_500m,WUI-S,area_proportion,0.531592770323,0.170528515253,0.05,r,0.0,,run1,EXCLUDED_N_LT_30,UNDEFINED
national49_standardized_500m,NH,WUI-S,500,p_s,10,0,,,,,,,EXCLUDED_N_LT_30,7c4966b734f0c4b2ba176b0532ca1f6e946c54ed94842dfc7a71a5553b65b3e8,county_within_state_patch75_500m,WUI-S,structure_proportion,0.885582064133,0.134004478232,0.05,r,0.0,,run1,EXCLUDED_N_LT_30,UNDEFINED
national49_standardized_500m,NH,WUI-Z,500,p_a,10,0,,,,,,,EXCLUDED_N_LT_30,7c4966b734f0c4b2ba176b0532ca1f6e946c54ed94842dfc7a71a5553b65b3e8,county_within_state_patch75_500m,WUI-P,area_proportion,0.515513683261,0.199010041692,0.05,r,0.0,,run1,EXCLUDED_N_LT_30,UNDEFINED
national49_standardized_500m,NJ,WUI-P,500,p_a,21,0,,,,,,,EXCLUDED_N_LT_30,32939f12d94423b51432ab4dd76c93cdfef22134ba996b92390b031a9ff6c854,county_within_state_patch75_500m,WUI-P,area_proportion,0.354982951353,0.169712637394,0.05,r,0.0,,run1,EXCLUDED_N_LT_30,UNDEFINED
national49_standardized_500m,NJ,WUI-P,500,p_s,21,0,,,,,,,EXCLUDED_N_LT_30,32939f12d94423b51432ab4dd76c93cdfef22134ba996b92390b031a9ff6c854,county_within_state_patch75_500m,WUI-P,structure_proportion,0.34888739291,0.255941085539,0.05,r,0.0,,run1,EXCLUDED_N_LT_30,UNDEFINED
national49_standardized_500m,NJ,WUI-S,500,p_a,21,0,,,,,,,EXCLUDED_N_LT_30,32939f12d94423b51432ab4dd76c93cdfef22134ba996b92390b031a9ff6c854,county_within_state_patch75_500m,WUI-S,area_proportion,0.365903330493,0.173189651923,0.05,r,0.0,,run1,EXCLUDED_N_LT_30,UNDEFINED
national49_standardized_500m,NJ,WUI-S,500,p_s,21,0,,,,,,,EXCLUDED_N_LT_30,32939f12d94423b51432ab4dd76c93cdfef22134ba996b92390b031a9ff6c854,county_within_state_patch75_500m,WUI-S,structure_proportion,0.371352191306,0.245362558995,0.05,r,0.0,,run1,EXCLUDED_N_LT_30,UNDEFINED
national49_standardized_500m,NJ,WUI-Z,500,p_a,21,0,,,,,,,EXCLUDED_N_LT_30,32939f12d94423b51432ab4dd76c93cdfef22134ba996b92390b031a9ff6c854,county_within_state_patch75_500m,WUI-P,area_proportion,0.364182030413,0.168291341367,0.05,r,0.0,,run1,EXCLUDED_N_LT_30,UNDEFINED
national49_standardized_500m,NM,WUI-P,500,p_a,33,0,0.313542111406,-0.03125,0.011727215665,3.18390326964,0.001453035594,True,FORMAL_COMPLETE,9458a1ffb1a88cb0c8f071c8ab6321693e53e5a929d06b24313061c9883f10ed,county_within_state_patch75_500m,WUI-P,area_proportion,0.052738199867,0.062149156077,0.05,r,0.0,,run1,ELIGIBLE_FORMAL_N_GE_30,POSITIVE_SIGNIFICANT
national49_standardized_500m,NM,WUI-P,500,p_s,33,0,0.012234092588,-0.03125,0.011727215665,0.401543828842,0.688019776125,False,FORMAL_COMPLETE,9458a1ffb1a88cb0c8f071c8ab6321693e53e5a929d06b24313061c9883f10ed,county_within_state_patch75_500m,WUI-P,structure_proportion,0.835552481194,0.196686371531,0.05,r,0.0,,run1,ELIGIBLE_FORMAL_N_GE_30,NOT_SIGNIFICANT
national49_standardized_500m,NM,WUI-S,500,p_a,33,0,0.32012808225,-0.03125,0.011727215665,3.244719899168,0.001175662045,True,FORMAL_COMPLETE,9458a1ffb1a88cb0c8f071c8ab6321693e53e5a929d06b24313061c9883f10ed,county_within_state_patch75_500m,WUI-S,area_proportion,0.056276489082,0.060004199027,0.05,r,0.0,,run1,ELIGIBLE_FORMAL_N_GE_30,POSITIVE_SIGNIFICANT
national49_standardized_500m,NM,WUI-S,500,p_s,33,0,-0.05495301102,-0.03125,0.011727215665,-0.21887999113,0.826743533323,False,FORMAL_COMPLETE,9458a1ffb1a88cb0c8f071c8ab6321693e53e5a929d06b24313061c9883f10ed,county_within_state_patch75_500m,WUI-S,structure_proportion,0.832183922393,0.191270825919,0.05,r,0.0,,run1,ELIGIBLE_FORMAL_N_GE_30,NOT_SIGNIFICANT
national49_standardized_500m,NM,WUI-Z,500,p_a,33,0,0.309077564168,-0.03125,0.011727215665,3.142676437362,0.001674107845,True,FORMAL_COMPLETE,9458a1ffb1a88cb0c8f071c8ab6321693e53e5a929d06b24313061c9883f10ed,county_within_state_patch75_500m,WUI-P,area_proportion,0.033534128276,0.045525203856,0.05,r,0.0,,run1,ELIGIBLE_FORMAL_N_GE_30,POSITIVE_SIGNIFICANT
national49_standardized_500m,NV,WUI-P,500,p_a,17,0,,,,,,,EXCLUDED_N_LT_30,131b10dc0d621d6882410d5cf4692578bf910f59e9cd1a6c9376d6418f7b3c08,county_within_state_patch75_500m,WUI-P,area_proportion,0.051628126109,0.065159302767,0.05,r,0.0,,run1,EXCLUDED_N_LT_30,UNDEFINED
national49_standardized_500m,NV,WUI-P,500,p_s,16,0,,,,,,,EXCLUDED_N_LT_30,a473650486216bb31b1b05fac6ec44de915dc2e4a0a96324df883b4bfde32e38,county_within_state_patch75_500m,WUI-P,structure_proportion,0.806740274003,0.167700496734,0.05,r,0.0,,run1,EXCLUDED_N_LT_30,UNDEFINED
national49_standardized_500m,NV,WUI-S,500,p_a,17,0,,,,,,,EXCLUDED_N_LT_30,131b10dc0d621d6882410d5cf4692578bf910f59e9cd1a6c9376d6418f7b3c08,county_within_state_patch75_500m,WUI-S,area_proportion,0.046103965669,0.064075261274,0.05,r,0.0,,run1,EXCLUDED_N_LT_30,UNDEFINED
national49_standardized_500m,NV,WUI-S,500,p_s,17,0,,,,,,,EXCLUDED_N_LT_30,131b10dc0d621d6882410d5cf4692578bf910f59e9cd1a6c9376d6418f7b3c08,county_within_state_patch75_500m,WUI-S,structure_proportion,0.832068348812,0.152938885331,0.05,r,0.0,,run1,EXCLUDED_N_LT_30,UNDEFINED
national49_standardized_500m,NV,WUI-Z,500,p_a,17,0,,,,,,,EXCLUDED_N_LT_30,131b10dc0d621d6882410d5cf4692578bf910f59e9cd1a6c9376d6418f7b3c08,county_within_state_patch75_500m,WUI-P,area_proportion,0.032775909628,0.057254251994,0.05,r,0.0,,run1,EXCLUDED_N_LT_30,UNDEFINED
national49_standardized_500m,NY,WUI-P,500,p_a,62,0,0.659452620526,-0.016393442623,0.006817967235,8.185031091292,0.0,True,FORMAL_COMPLETE,a0cd37f7804ce40c2a0c0ab32c62bd80ef374f1512112457faad1851cc821609,county_within_state_patch75_500m,WUI-P,area_proportion,0.329063998912,0.203142788708,0.05,r,0.0,,run1,ELIGIBLE_FORMAL_N_GE_30,POSITIVE_SIGNIFICANT
national49_standardized_500m,NY,WUI-P,500,p_s,62,0,0.5563589433,-0.016393442623,0.006817967235,6.936485010433,4e-12,True,FORMAL_COMPLETE,a0cd37f7804ce40c2a0c0ab32c62bd80ef374f1512112457faad1851cc821609,county_within_state_patch75_500m,WUI-P,structure_proportion,0.453575297662,0.313509760728,0.05,r,0.0,,run1,ELIGIBLE_FORMAL_N_GE_30,POSITIVE_SIGNIFICANT
national49_standardized_500m,NY,WUI-S,500,p_a,62,0,0.680096686986,-0.016393442623,0.006817967235,8.435047086117,0.0,True,FORMAL_COMPLETE,a0cd37f7804ce40c2a0c0ab32c62bd80ef374f1512112457faad1851cc821609,county_within_state_patch75_500m,WUI-S,area_proportion,0.344148505812,0.199623749706,0.05,r,0.0,,run1,ELIGIBLE_FORMAL_N_GE_30,POSITIVE_SIGNIFICANT
national49_standardized_500m,NY,WUI-S,500,p_s,62,0,0.607695965164,-0.016393442623,0.006817967235,7.55821700386,0.0,True,FORMAL_COMPLETE,a0cd37f7804ce40c2a0c0ab32c62bd80ef374f1512112457faad1851cc821609,county_within_state_patch75_500m,WUI-S,structure_proportion,0.4798162361,0.306991688816,0.05,r,0.0,,run1,ELIGIBLE_FORMAL_N_GE_30,POSITIVE_SIGNIFICANT
national49_standardized_500m,NY,WUI-Z,500,p_a,62,0,0.645950933665,-0.016393442623,0.006817967235,8.02151497015,0.0,True,FORMAL_COMPLETE,a0cd37f7804ce40c2a0c0ab32c62bd80ef374f1512112457faad1851cc821609,county_within_state_patch75_500m,WUI-P,area_proportion,0.283963639515,0.186896357533,0.05,r,0.0,,run1,ELIGIBLE_FORMAL_N_GE_30,POSITIVE_SIGNIFICANT
national49_standardized_500m,OH,WUI-P,500,p_a,88,0,0.694164427517,-0.011494252874,0.004251381775,10.822550848634,0.0,True,FORMAL_COMPLETE,de63c543cc839cec8dc2a7ac5e591579dd4044fafc1302ec7f5c5762d00cfd7f,county_within_state_patch75_500m,WUI-P,area_proportion,0.179021261246,0.196304878125,0.05,r,0.0,,run1,ELIGIBLE_FORMAL_N_GE_30,POSITIVE_SIGNIFICANT
national49_standardized_500m,OH,WUI-P,500,p_s,88,0,0.781414304666,-0.011494252874,0.004251381775,12.160685357874,0.0,True,FORMAL_COMPLETE,de63c543cc839cec8dc2a7ac5e591579dd4044fafc1302ec7f5c5762d00cfd7f,county_within_state_patch75_500m,WUI-P,structure_proportion,0.244796831936,0.323910004701,0.05,r,0.0,,run1,ELIGIBLE_FORMAL_N_GE_30,POSITIVE_SIGNIFICANT
national49_standardized_500m,OH,WUI-S,500,p_a,88,0,0.780921528251,-0.011494252874,0.004251381775,12.153127741203,0.0,True,FORMAL_COMPLETE,de63c543cc839cec8dc2a7ac5e591579dd4044fafc1302ec7f5c5762d00cfd7f,county_within_state_patch75_500m,WUI-S,area_proportion,0.213036578674,0.225450180109,0.05,r,0.0,,run1,ELIGIBLE_FORMAL_N_GE_30,POSITIVE_SIGNIFICANT
national49_standardized_500m,OH,WUI-S,500,p_s,88,0,0.804603358556,-0.011494252874,0.004251381775,12.516331397284,0.0,True,FORMAL_COMPLETE,de63c543cc839cec8dc2a7ac5e591579dd4044fafc1302ec7f5c5762d00cfd7f,county_within_state_patch75_500m,WUI-S,structure_proportion,0.255062891936,0.332434647417,0.05,r,0.0,,run1,ELIGIBLE_FORMAL_N_GE_30,POSITIVE_SIGNIFICANT
national49_standardized_500m,OH,WUI-Z,500,p_a,88,0,0.623778259626,-0.011494252874,0.004251381775,9.743051790225,0.0,True,FORMAL_COMPLETE,de63c543cc839cec8dc2a7ac5e591579dd4044fafc1302ec7f5c5762d00cfd7f,county_within_state_patch75_500m,WUI-P,area_proportion,0.155976162312,0.169453482233,0.05,r,0.0,,run1,ELIGIBLE_FORMAL_N_GE_30,POSITIVE_SIGNIFICANT
national49_standardized_500m,OK,WUI-P,500,p_a,77,0,0.198331785329,-0.013157894737,0.005195152907,2.934202028258,0.003344064661,True,FORMAL_COMPLETE,6621fed23141a306c841942e688b5679908374a6a317bc1fbd29874de821ab78,county_within_state_patch75_500m,WUI-P,area_proportion,0.036367936018,0.119591697843,0.05,r,0.0,,run1,ELIGIBLE_FORMAL_N_GE_30,POSITIVE_SIGNIFICANT
national49_standardized_500m,OK,WUI-P,500,p_s,27,0,,,,,,,EXCLUDED_N_LT_30,c4bc6d59d019de2fd308c55305036307a27809c0fb848a38a09a44361f2f9c1a,county_within_state_patch75_500m,WUI-P,structure_proportion,0.395197147574,0.391136799848,0.05,r,0.0,,run1,EXCLUDED_N_LT_30,UNDEFINED
national49_standardized_500m,OK,WUI-S,500,p_a,77,0,0.659625977503,-0.013157894737,0.005195152907,9.334185015016,0.0,True,FORMAL_COMPLETE,6621fed23141a306c841942e688b5679908374a6a317bc1fbd29874de821ab78,county_within_state_patch75_500m,WUI-S,area_proportion,0.208886941752,0.153778408709,0.05,r,0.0,,run1,ELIGIBLE_FORMAL_N_GE_30,POSITIVE_SIGNIFICANT
national49_standardized_500m,OK,WUI-S,500,p_s,77,0,0.47157243724,-0.013157894737,0.005195152907,6.725135348443,1.8e-11,True,FORMAL_COMPLETE,6621fed23141a306c841942e688b5679908374a6a317bc1fbd29874de821ab78,county_within_state_patch75_500m,WUI-S,structure_proportion,0.581302498805,0.280928021457,0.05,r,0.0,,run1,ELIGIBLE_FORMAL_N_GE_30,POSITIVE_SIGNIFICANT
national49_standardized_500m,OK,WUI-Z,500,p_a,77,0,0.500854481429,-0.013157894737,0.005195152907,7.131393627444,1e-12,True,FORMAL_COMPLETE,6621fed23141a306c841942e688b5679908374a6a317bc1fbd29874de821ab78,county_within_state_patch75_500m,WUI-P,area_proportion,0.090794694791,0.106909255279,0.05,r,0.0,,run1,ELIGIBLE_FORMAL_N_GE_30,POSITIVE_SIGNIFICANT
national49_standardized_500m,OR,WUI-P,500,p_a,36,0,0.587179558308,-0.028571428571,0.011185281735,5.822126707282,5.81e-09,True,FORMAL_COMPLETE,481d0fdd9b17c1d26b291ee4ad17ce9567d543e17ff290e9b4594f46a3d5a276,county_within_state_patch75_500m,WUI-P,area_proportion,0.106056749767,0.090210479726,0.05,r,0.0,,run1,ELIGIBLE_FORMAL_N_GE_30,POSITIVE_SIGNIFICANT
national49_standardized_500m,OR,WUI-P,500,p_s,36,0,0.217810723729,-0.028571428571,0.011185281735,2.329623727241,0.019826046971,True,FORMAL_COMPLETE,481d0fdd9b17c1d26b291ee4ad17ce9567d543e17ff290e9b4594f46a3d5a276,county_within_state_patch75_500m,WUI-P,structure_proportion,0.57506319166,0.308219543849,0.05,r,0.0,,run1,ELIGIBLE_FORMAL_N_GE_30,POSITIVE_SIGNIFICANT
national49_standardized_500m,OR,WUI-S,500,p_a,36,0,0.536028522281,-0.028571428571,0.011185281735,5.338476953884,9.3731e-08,True,FORMAL_COMPLETE,481d0fdd9b17c1d26b291ee4ad17ce9567d543e17ff290e9b4594f46a3d5a276,county_within_state_patch75_500m,WUI-S,area_proportion,0.096497155718,0.070744299082,0.05,r,0.0,,run1,ELIGIBLE_FORMAL_N_GE_30,POSITIVE_SIGNIFICANT
national49_standardized_500m,OR,WUI-S,500,p_s,36,0,0.227485848964,-0.028571428571,0.011185281735,2.421105196577,0.015473398766,True,FORMAL_COMPLETE,481d0fdd9b17c1d26b291ee4ad17ce9567d543e17ff290e9b4594f46a3d5a276,county_within_state_patch75_500m,WUI-S,structure_proportion,0.615585665273,0.303605460626,0.05,r,0.0,,run1,ELIGIBLE_FORMAL_N_GE_30,POSITIVE_SIGNIFICANT
national49_standardized_500m,OR,WUI-Z,500,p_a,36,0,0.574828370191,-0.028571428571,0.011185281735,5.705342189299,1.1611e-08,True,FORMAL_COMPLETE,481d0fdd9b17c1d26b291ee4ad17ce9567d543e17ff290e9b4594f46a3d5a276,county_within_state_patch75_500m,WUI-P,area_proportion,0.062763632958,0.059346086642,0.05,r,0.0,,run1,ELIGIBLE_FORMAL_N_GE_30,POSITIVE_SIGNIFICANT
national49_standardized_500m,PA,WUI-P,500,p_a,67,0,0.239013963565,-0.015151515152,0.005752581092,3.351083031412,0.000804961627,True,FORMAL_COMPLETE,8090e4199e48a1affa29ff874fbb85a85734d009d36472dcf091c809791d7060,county_within_state_patch75_500m,WUI-P,area_proportion,0.375424155983,0.158117801034,0.05,r,0.0,,run1,ELIGIBLE_FORMAL_N_GE_30,POSITIVE_SIGNIFICANT
national49_standardized_500m,PA,WUI-P,500,p_s,67,0,0.53471388035,-0.015151515152,0.005752581092,7.249783116625,0.0,True,FORMAL_COMPLETE,8090e4199e48a1affa29ff874fbb85a85734d009d36472dcf091c809791d7060,county_within_state_patch75_500m,WUI-P,structure_proportion,0.603144051075,0.31697471535,0.05,r,0.0,,run1,ELIGIBLE_FORMAL_N_GE_30,POSITIVE_SIGNIFICANT
national49_standardized_500m,PA,WUI-S,500,p_a,67,0,0.482365621488,-0.015151515152,0.005752581092,6.559589614011,5.4e-11,True,FORMAL_COMPLETE,8090e4199e48a1affa29ff874fbb85a85734d009d36472dcf091c809791d7060,county_within_state_patch75_500m,WUI-S,area_proportion,0.426896479746,0.140975383286,0.05,r,0.0,,run1,ELIGIBLE_FORMAL_N_GE_30,POSITIVE_SIGNIFICANT
national49_standardized_500m,PA,WUI-S,500,p_s,67,0,0.566863846414,-0.015151515152,0.005752581092,7.673669185962,0.0,True,FORMAL_COMPLETE,8090e4199e48a1affa29ff874fbb85a85734d009d36472dcf091c809791d7060,county_within_state_patch75_500m,WUI-S,structure_proportion,0.630625410166,0.31098828029,0.05,r,0.0,,run1,ELIGIBLE_FORMAL_N_GE_30,POSITIVE_SIGNIFICANT
national49_standardized_500m,PA,WUI-Z,500,p_a,67,0,0.508859599778,-0.015151515152,0.005752581092,6.908903460762,5e-12,True,FORMAL_COMPLETE,8090e4199e48a1affa29ff874fbb85a85734d009d36472dcf091c809791d7060,county_within_state_patch75_500m,WUI-P,area_proportion,0.348059118523,0.137099462086,0.05,r,0.0,,run1,ELIGIBLE_FORMAL_N_GE_30,POSITIVE_SIGNIFICANT
national49_standardized_500m,RI,WUI-P,500,p_a,5,0,,,,,,,EXCLUDED_N_LT_30,0b97617afbe1cedbe445c05306ec09c800f637d31db8f72701c9dab73b4c22a7,county_within_state_patch75_500m,WUI-P,area_proportion,0.340683521561,0.220279598468,0.05,r,0.0,,run1,EXCLUDED_N_LT_30,UNDEFINED
national49_standardized_500m,RI,WUI-P,500,p_s,5,0,,,,,,,EXCLUDED_N_LT_30,0b97617afbe1cedbe445c05306ec09c800f637d31db8f72701c9dab73b4c22a7,county_within_state_patch75_500m,WUI-P,structure_proportion,0.242500612884,0.216744004937,0.05,r,0.0,,run1,EXCLUDED_N_LT_30,UNDEFINED
national49_standardized_500m,RI,WUI-S,500,p_a,5,0,,,,,,,EXCLUDED_N_LT_30,0b97617afbe1cedbe445c05306ec09c800f637d31db8f72701c9dab73b4c22a7,county_within_state_patch75_500m,WUI-S,area_proportion,0.341808952483,0.220638066589,0.05,r,0.0,,run1,EXCLUDED_N_LT_30,UNDEFINED
national49_standardized_500m,RI,WUI-S,500,p_s,5,0,,,,,,,EXCLUDED_N_LT_30,0b97617afbe1cedbe445c05306ec09c800f637d31db8f72701c9dab73b4c22a7,county_within_state_patch75_500m,WUI-S,structure_proportion,0.264543578626,0.217132517619,0.05,r,0.0,,run1,EXCLUDED_N_LT_30,UNDEFINED
national49_standardized_500m,RI,WUI-Z,500,p_a,5,0,,,,,,,EXCLUDED_N_LT_30,0b97617afbe1cedbe445c05306ec09c800f637d31db8f72701c9dab73b4c22a7,county_within_state_patch75_500m,WUI-P,area_proportion,0.332074222681,0.204457024833,0.05,r,0.0,,run1,EXCLUDED_N_LT_30,UNDEFINED
national49_standardized_500m,SC,WUI-P,500,p_a,46,0,0.005316648484,-0.022222222222,0.008419297777,0.300129159508,0.764078637806,False,FORMAL_COMPLETE,0872992676735744c409a0f1dd2e001073624a6d756e03f07c584a3927dd2010,county_within_state_patch75_500m,WUI-P,area_proportion,0.256349336331,0.209549844692,0.05,r,0.0,,run1,ELIGIBLE_FORMAL_N_GE_30,NOT_SIGNIFICANT
national49_standardized_500m,SC,WUI-P,500,p_s,44,0,-0.043279716705,-0.023255813953,0.008975291775,-0.211360797768,0.83260574455,False,FORMAL_COMPLETE,1ffc644eca81e645208d65feafdbdcb2584bb4911d649468d821b91bbd0f68b4,county_within_state_patch75_500m,WUI-P,structure_proportion,0.590676842173,0.283483729003,0.05,r,0.0,,run1,ELIGIBLE_FORMAL_N_GE_30,NOT_SIGNIFICANT
national49_standardized_500m,SC,WUI-S,500,p_a,46,0,0.345028195182,-0.022222222222,0.008419297777,4.00243569457,6.2693711e-05,True,FORMAL_COMPLETE,0872992676735744c409a0f1dd2e001073624a6d756e03f07c584a3927dd2010,county_within_state_patch75_500m,WUI-S,area_proportion,0.373535574365,0.099722672759,0.05,r,0.0,,run1,ELIGIBLE_FORMAL_N_GE_30,POSITIVE_SIGNIFICANT
national49_standardized_500m,SC,WUI-S,500,p_s,46,0,0.157547593159,-0.022222222222,0.008419297777,1.959200294378,0.050089334683,False,FORMAL_COMPLETE,0872992676735744c409a0f1dd2e001073624a6d756e03f07c584a3927dd2010,county_within_state_patch75_500m,WUI-S,structure_proportion,0.678590212867,0.210675508517,0.05,r,0.0,,run1,ELIGIBLE_FORMAL_N_GE_30,NOT_SIGNIFICANT
national49_standardized_500m,SC,WUI-Z,500,p_a,46,0,0.291273597924,-0.022222222222,0.008419297777,3.416597507279,0.000634089516,True,FORMAL_COMPLETE,0872992676735744c409a0f1dd2e001073624a6d756e03f07c584a3927dd2010,county_within_state_patch75_500m,WUI-P,area_proportion,0.310182121565,0.11873234578,0.05,r,0.0,,run1,ELIGIBLE_FORMAL_N_GE_30,POSITIVE_SIGNIFICANT
national49_standardized_500m,SD,WUI-P,500,p_a,66,0,0.088819892657,-0.015384615385,0.00587725548,1.359249627972,0.174067499989,False,FORMAL_COMPLETE,f1b681441a269e0d107a9feca97f25977fe6d61b7de618b29b78db80514ffeb8,county_within_state_patch75_500m,WUI-P,area_proportion,0.020755077922,0.048879557749,0.05,r,0.0,,run1,ELIGIBLE_FORMAL_N_GE_30,NOT_SIGNIFICANT
national49_standardized_500m,SD,WUI-P,500,p_s,66,0,0.548294462343,-0.015384615385,0.00587725548,7.352662481646,0.0,True,FORMAL_COMPLETE,f1b681441a269e0d107a9feca97f25977fe6d61b7de618b29b78db80514ffeb8,county_within_state_patch75_500m,WUI-P,structure_proportion,0.260806953164,0.308159513452,0.05,r,0.0,,run1,ELIGIBLE_FORMAL_N_GE_30,POSITIVE_SIGNIFICANT
national49_standardized_500m,SD,WUI-S,500,p_a,66,0,0.461977701061,-0.015384615385,0.00587725548,6.226741656679,4.76e-10,True,FORMAL_COMPLETE,f1b681441a269e0d107a9feca97f25977fe6d61b7de618b29b78db80514ffeb8,county_within_state_patch75_500m,WUI-S,area_proportion,0.035631381036,0.035864293784,0.05,r,0.0,,run1,ELIGIBLE_FORMAL_N_GE_30,POSITIVE_SIGNIFICANT
national49_standardized_500m,SD,WUI-S,500,p_s,66,0,0.827994553757,-0.015384615385,0.00587725548,11.001086646233,0.0,True,FORMAL_COMPLETE,f1b681441a269e0d107a9feca97f25977fe6d61b7de618b29b78db80514ffeb8,county_within_state_patch75_500m,WUI-S,structure_proportion,0.345346336865,0.335257447961,0.05,r,0.0,,run1,ELIGIBLE_FORMAL_N_GE_30,POSITIVE_SIGNIFICANT
national49_standardized_500m,SD,WUI-Z,500,p_a,66,0,0.37179720519,-0.015384615385,0.00587725548,5.050422054317,4.40835e-07,True,FORMAL_COMPLETE,f1b681441a269e0d107a9feca97f25977fe6d61b7de618b29b78db80514ffeb8,county_within_state_patch75_500m,WUI-P,area_proportion,0.005599442499,0.012221373359,0.05,r,0.0,,run1,ELIGIBLE_FORMAL_N_GE_30,POSITIVE_SIGNIFICANT
national49_standardized_500m,TN,WUI-P,500,p_a,95,0,0.517143948209,-0.010638297872,0.004134573245,8.208039391496,0.0,True,FORMAL_COMPLETE,98b96831c55e838e8992ad455dda0edf6b05962f91112bce939abdbc27a5623d,county_within_state_patch75_500m,WUI-P,area_proportion,0.31930999387,0.139173206349,0.05,r,0.0,,run1,ELIGIBLE_FORMAL_N_GE_30,POSITIVE_SIGNIFICANT
national49_standardized_500m,TN,WUI-P,500,p_s,95,0,0.393074146224,-0.010638297872,0.004134573245,6.278512906771,3.42e-10,True,FORMAL_COMPLETE,98b96831c55e838e8992ad455dda0edf6b05962f91112bce939abdbc27a5623d,county_within_state_patch75_500m,WUI-P,structure_proportion,0.507832194243,0.326132113327,0.05,r,0.0,,run1,ELIGIBLE_FORMAL_N_GE_30,POSITIVE_SIGNIFICANT
national49_standardized_500m,TN,WUI-S,500,p_a,95,0,0.546655325578,-0.010638297872,0.004134573245,8.666998649308,0.0,True,FORMAL_COMPLETE,98b96831c55e838e8992ad455dda0edf6b05962f91112bce939abdbc27a5623d,county_within_state_patch75_500m,WUI-S,area_proportion,0.324445642189,0.138803826426,0.05,r,0.0,,run1,ELIGIBLE_FORMAL_N_GE_30,POSITIVE_SIGNIFICANT
national49_standardized_500m,TN,WUI-S,500,p_s,95,0,0.41049699562,-0.010638297872,0.004134573245,6.549472066935,5.8e-11,True,FORMAL_COMPLETE,98b96831c55e838e8992ad455dda0edf6b05962f91112bce939abdbc27a5623d,county_within_state_patch75_500m,WUI-S,structure_proportion,0.511991668627,0.317407610655,0.05,r,0.0,,run1,ELIGIBLE_FORMAL_N_GE_30,POSITIVE_SIGNIFICANT
national49_standardized_500m,TN,WUI-Z,500,p_a,95,0,0.553360796642,-0.010638297872,0.004134573245,8.771281752881,0.0,True,FORMAL_COMPLETE,98b96831c55e838e8992ad455dda0edf6b05962f91112bce939abdbc27a5623d,county_within_state_patch75_500m,WUI-P,area_proportion,0.279341922279,0.14314584195,0.05,r,0.0,,run1,ELIGIBLE_FORMAL_N_GE_30,POSITIVE_SIGNIFICANT
national49_standardized_500m,TX,WUI-P,500,p_a,254,0,0.690493524313,-0.00395256917,0.001418728786,18.436940276171,0.0,True,FORMAL_COMPLETE,1c490b5a1d273566f6d5d2f757444243cb112cd44ed3780e3a477ce5df83a9e8,county_within_state_patch75_500m,WUI-P,area_proportion,0.13173598815,0.153848993527,0.05,r,0.0,,run1,ELIGIBLE_FORMAL_N_GE_30,POSITIVE_SIGNIFICANT
national49_standardized_500m,TX,WUI-P,500,p_s,254,0,0.57323798154,-0.00395256917,0.001418728786,15.323907516055,0.0,True,FORMAL_COMPLETE,1c490b5a1d273566f6d5d2f757444243cb112cd44ed3780e3a477ce5df83a9e8,county_within_state_patch75_500m,WUI-P,structure_proportion,0.539740302153,0.327542549097,0.05,r,0.0,,run1,ELIGIBLE_FORMAL_N_GE_30,POSITIVE_SIGNIFICANT
national49_standardized_500m,TX,WUI-S,500,p_a,254,0,0.679476455696,-0.00395256917,0.001418728786,18.144446678727,0.0,True,FORMAL_COMPLETE,1c490b5a1d273566f6d5d2f757444243cb112cd44ed3780e3a477ce5df83a9e8,county_within_state_patch75_500m,WUI-S,area_proportion,0.130355685404,0.141469520636,0.05,r,0.0,,run1,ELIGIBLE_FORMAL_N_GE_30,POSITIVE_SIGNIFICANT
national49_standardized_500m,TX,WUI-S,500,p_s,254,0,0.603159156659,-0.00395256917,0.001418728786,16.118288712563,0.0,True,FORMAL_COMPLETE,1c490b5a1d273566f6d5d2f757444243cb112cd44ed3780e3a477ce5df83a9e8,county_within_state_patch75_500m,WUI-S,structure_proportion,0.528419131614,0.319226302709,0.05,r,0.0,,run1,ELIGIBLE_FORMAL_N_GE_30,POSITIVE_SIGNIFICANT
national49_standardized_500m,TX,WUI-Z,500,p_a,254,0,0.558602358347,-0.00395256917,0.001418728786,14.935344439307,0.0,True,FORMAL_COMPLETE,1c490b5a1d273566f6d5d2f757444243cb112cd44ed3780e3a477ce5df83a9e8,county_within_state_patch75_500m,WUI-P,area_proportion,0.080131472587,0.118556880283,0.05,r,0.0,,run1,ELIGIBLE_FORMAL_N_GE_30,POSITIVE_SIGNIFICANT
national49_standardized_500m,UT,WUI-P,500,p_a,29,0,,,,,,,EXCLUDED_N_LT_30,ef1f2ced9e26d742cfa9aa6246d09b421852e8cf546e000375ac56a98992c20b,county_within_state_patch75_500m,WUI-P,area_proportion,0.045220362811,0.044719778007,0.05,r,0.0,,run1,EXCLUDED_N_LT_30,UNDEFINED
national49_standardized_500m,UT,WUI-P,500,p_s,29,0,,,,,,,EXCLUDED_N_LT_30,ef1f2ced9e26d742cfa9aa6246d09b421852e8cf546e000375ac56a98992c20b,county_within_state_patch75_500m,WUI-P,structure_proportion,0.811876528088,0.210311659848,0.05,r,0.0,,run1,EXCLUDED_N_LT_30,UNDEFINED
national49_standardized_500m,UT,WUI-S,500,p_a,29,0,,,,,,,EXCLUDED_N_LT_30,ef1f2ced9e26d742cfa9aa6246d09b421852e8cf546e000375ac56a98992c20b,county_within_state_patch75_500m,WUI-S,area_proportion,0.053943961127,0.042297501077,0.05,r,0.0,,run1,EXCLUDED_N_LT_30,UNDEFINED
national49_standardized_500m,UT,WUI-S,500,p_s,29,0,,,,,,,EXCLUDED_N_LT_30,ef1f2ced9e26d742cfa9aa6246d09b421852e8cf546e000375ac56a98992c20b,county_within_state_patch75_500m,WUI-S,structure_proportion,0.770787184103,0.192161229316,0.05,r,0.0,,run1,EXCLUDED_N_LT_30,UNDEFINED
national49_standardized_500m,UT,WUI-Z,500,p_a,29,0,,,,,,,EXCLUDED_N_LT_30,ef1f2ced9e26d742cfa9aa6246d09b421852e8cf546e000375ac56a98992c20b,county_within_state_patch75_500m,WUI-P,area_proportion,0.034811904849,0.03816531688,0.05,r,0.0,,run1,EXCLUDED_N_LT_30,UNDEFINED
national49_standardized_500m,VA,WUI-P,500,p_a,133,0,0.245345173355,-0.007575757576,0.003770338978,4.11902637369,3.804766e-05,True,FORMAL_COMPLETE,a778e8f67aafa3f9d9cad35c3f0c36c273899491d21eb444c7aa13a94983ea34,county_within_state_patch75_500m,WUI-P,area_proportion,0.40120406349,0.222137883934,0.05,r,0.0,,run1,ELIGIBLE_FORMAL_N_GE_30,POSITIVE_SIGNIFICANT
national49_standardized_500m,VA,WUI-P,500,p_s,133,0,0.468131437217,-0.007575757576,0.003770338978,7.747284790907,0.0,True,FORMAL_COMPLETE,a778e8f67aafa3f9d9cad35c3f0c36c273899491d21eb444c7aa13a94983ea34,county_within_state_patch75_500m,WUI-P,structure_proportion,0.610798101559,0.325663666892,0.05,r,0.0,,run1,ELIGIBLE_FORMAL_N_GE_30,POSITIVE_SIGNIFICANT
national49_standardized_500m,VA,WUI-S,500,p_a,133,0,0.28777456577,-0.007575757576,0.003770338978,4.810024092752,1.509121e-06,True,FORMAL_COMPLETE,a778e8f67aafa3f9d9cad35c3f0c36c273899491d21eb444c7aa13a94983ea34,county_within_state_patch75_500m,WUI-S,area_proportion,0.399650880734,0.204340864965,0.05,r,0.0,,run1,ELIGIBLE_FORMAL_N_GE_30,POSITIVE_SIGNIFICANT
national49_standardized_500m,VA,WUI-S,500,p_s,133,0,0.465367170148,-0.007575757576,0.003770338978,7.702266417312,0.0,True,FORMAL_COMPLETE,a778e8f67aafa3f9d9cad35c3f0c36c273899491d21eb444c7aa13a94983ea34,county_within_state_patch75_500m,WUI-S,structure_proportion,0.622090256772,0.331173767216,0.05,r,0.0,,run1,ELIGIBLE_FORMAL_N_GE_30,POSITIVE_SIGNIFICANT
national49_standardized_500m,VA,WUI-Z,500,p_a,133,0,0.232051690896,-0.007575757576,0.003770338978,3.902531026128,9.5192032e-05,True,FORMAL_COMPLETE,a778e8f67aafa3f9d9cad35c3f0c36c273899491d21eb444c7aa13a94983ea34,county_within_state_patch75_500m,WUI-P,area_proportion,0.348205838001,0.206791548596,0.05,r,0.0,,run1,ELIGIBLE_FORMAL_N_GE_30,POSITIVE_SIGNIFICANT
national49_standardized_500m,VT,WUI-P,500,p_a,14,0,,,,,,,EXCLUDED_N_LT_30,29c57827c16b2abba6ada7fcc5ba20e0eebcc1cb8da432ea179f750415415ded,county_within_state_patch75_500m,WUI-P,area_proportion,0.397125855904,0.135657738228,0.05,r,0.0,,run1,EXCLUDED_N_LT_30,UNDEFINED
national49_standardized_500m,VT,WUI-P,500,p_s,14,0,,,,,,,EXCLUDED_N_LT_30,29c57827c16b2abba6ada7fcc5ba20e0eebcc1cb8da432ea179f750415415ded,county_within_state_patch75_500m,WUI-P,structure_proportion,0.782523854887,0.246390532485,0.05,r,0.0,,run1,EXCLUDED_N_LT_30,UNDEFINED
national49_standardized_500m,VT,WUI-S,500,p_a,14,0,,,,,,,EXCLUDED_N_LT_30,29c57827c16b2abba6ada7fcc5ba20e0eebcc1cb8da432ea179f750415415ded,county_within_state_patch75_500m,WUI-S,area_proportion,0.395687032605,0.132663002314,0.05,r,0.0,,run1,EXCLUDED_N_LT_30,UNDEFINED
national49_standardized_500m,VT,WUI-S,500,p_s,14,0,,,,,,,EXCLUDED_N_LT_30,29c57827c16b2abba6ada7fcc5ba20e0eebcc1cb8da432ea179f750415415ded,county_within_state_patch75_500m,WUI-S,structure_proportion,0.791691791924,0.246965197438,0.05,r,0.0,,run1,EXCLUDED_N_LT_30,UNDEFINED
national49_standardized_500m,VT,WUI-Z,500,p_a,14,0,,,,,,,EXCLUDED_N_LT_30,29c57827c16b2abba6ada7fcc5ba20e0eebcc1cb8da432ea179f750415415ded,county_within_state_patch75_500m,WUI-P,area_proportion,0.32827031433,0.118439732755,0.05,r,0.0,,run1,EXCLUDED_N_LT_30,UNDEFINED
national49_standardized_500m,WA,WUI-P,500,p_a,39,0,0.277809755389,-0.026315789474,0.010376252395,2.98560697345,0.002830161306,True,FORMAL_COMPLETE,6435832406f78829d667eda704901b53d0f05c83ae7f6074f873d5fc5dcf43d9,county_within_state_patch75_500m,WUI-P,area_proportion,0.154101005182,0.118176017509,0.05,r,0.0,,run1,ELIGIBLE_FORMAL_N_GE_30,POSITIVE_SIGNIFICANT
national49_standardized_500m,WA,WUI-P,500,p_s,39,0,0.304964697421,-0.026315789474,0.010376252395,3.252187619713,0.001145204005,True,FORMAL_COMPLETE,6435832406f78829d667eda704901b53d0f05c83ae7f6074f873d5fc5dcf43d9,county_within_state_patch75_500m,WUI-P,structure_proportion,0.558610844811,0.29890016791,0.05,r,0.0,,run1,ELIGIBLE_FORMAL_N_GE_30,POSITIVE_SIGNIFICANT
national49_standardized_500m,WA,WUI-S,500,p_a,39,0,0.279252133814,-0.026315789474,0.010376252395,2.999766833274,0.002701863505,True,FORMAL_COMPLETE,6435832406f78829d667eda704901b53d0f05c83ae7f6074f873d5fc5dcf43d9,county_within_state_patch75_500m,WUI-S,area_proportion,0.153160147106,0.114847846338,0.05,r,0.0,,run1,ELIGIBLE_FORMAL_N_GE_30,POSITIVE_SIGNIFICANT
national49_standardized_500m,WA,WUI-S,500,p_s,39,0,0.365200634491,-0.026315789474,0.010376252395,3.843525101235,0.000121279588,True,FORMAL_COMPLETE,6435832406f78829d667eda704901b53d0f05c83ae7f6074f873d5fc5dcf43d9,county_within_state_patch75_500m,WUI-S,structure_proportion,0.588871814266,0.29073388066,0.05,r,0.0,,run1,ELIGIBLE_FORMAL_N_GE_30,POSITIVE_SIGNIFICANT
national49_standardized_500m,WA,WUI-Z,500,p_a,39,0,0.312894799215,-0.026315789474,0.010376252395,3.330037598499,0.000868342578,True,FORMAL_COMPLETE,6435832406f78829d667eda704901b53d0f05c83ae7f6074f873d5fc5dcf43d9,county_within_state_patch75_500m,WUI-P,area_proportion,0.108638945187,0.117074408898,0.05,r,0.0,,run1,ELIGIBLE_FORMAL_N_GE_30,POSITIVE_SIGNIFICANT
national49_standardized_500m,WI,WUI-P,500,p_a,72,0,0.580896175688,-0.014084507042,0.005272393622,8.194056471571,0.0,True,FORMAL_COMPLETE,da793a5a33eea20ea66c4fc7c2d0f59cf66a4c88a47181ac73395bfb1c223f3d,county_within_state_patch75_500m,WUI-P,area_proportion,0.412814676567,0.251134372985,0.05,r,0.0,,run1,ELIGIBLE_FORMAL_N_GE_30,POSITIVE_SIGNIFICANT
national49_standardized_500m,WI,WUI-P,500,p_s,72,0,0.7393613811,-0.014084507042,0.005272393622,10.376434622007,0.0,True,FORMAL_COMPLETE,da793a5a33eea20ea66c4fc7c2d0f59cf66a4c88a47181ac73395bfb1c223f3d,county_within_state_patch75_500m,WUI-P,structure_proportion,0.466127782899,0.345327030841,0.05,r,0.0,,run1,ELIGIBLE_FORMAL_N_GE_30,POSITIVE_SIGNIFICANT
national49_standardized_500m,WI,WUI-S,500,p_a,72,0,0.530629106034,-0.014084507042,0.005272393622,7.501779866031,0.0,True,FORMAL_COMPLETE,da793a5a33eea20ea66c4fc7c2d0f59cf66a4c88a47181ac73395bfb1c223f3d,county_within_state_patch75_500m,WUI-S,area_proportion,0.207993705401,0.125224931458,0.05,r,0.0,,run1,ELIGIBLE_FORMAL_N_GE_30,POSITIVE_SIGNIFICANT
national49_standardized_500m,WI,WUI-S,500,p_s,72,0,0.747690441221,-0.014084507042,0.005272393622,10.491142193145,0.0,True,FORMAL_COMPLETE,da793a5a33eea20ea66c4fc7c2d0f59cf66a4c88a47181ac73395bfb1c223f3d,county_within_state_patch75_500m,WUI-S,structure_proportion,0.421013126017,0.331930790446,0.05,r,0.0,,run1,ELIGIBLE_FORMAL_N_GE_30,POSITIVE_SIGNIFICANT
national49_standardized_500m,WI,WUI-Z,500,p_a,72,0,0.269858328373,-0.014084507042,0.005272393622,3.910452382107,9.2123421e-05,True,FORMAL_COMPLETE,da793a5a33eea20ea66c4fc7c2d0f59cf66a4c88a47181ac73395bfb1c223f3d,county_within_state_patch75_500m,WUI-P,area_proportion,0.098231884198,0.077225672647,0.05,r,0.0,,run1,ELIGIBLE_FORMAL_N_GE_30,POSITIVE_SIGNIFICANT
national49_standardized_500m,WV,WUI-P,500,p_a,55,0,0.425145308105,-0.018518518519,0.00862950154,4.77596532922,1.788472e-06,True,FORMAL_COMPLETE,fd33e46e62f77c54f68f8071dda60e66046d09ef080d587cfff97c5516571554,county_within_state_patch75_500m,WUI-P,area_proportion,0.513288983428,0.179751425345,0.05,r,0.0,,run1,ELIGIBLE_FORMAL_N_GE_30,POSITIVE_SIGNIFICANT
national49_standardized_500m,WV,WUI-P,500,p_s,55,0,0.49006383534,-0.018518518519,0.00862950154,5.474802188779,4.38e-08,True,FORMAL_COMPLETE,fd33e46e62f77c54f68f8071dda60e66046d09ef080d587cfff97c5516571554,county_within_state_patch75_500m,WUI-P,structure_proportion,0.896799917869,0.155035149826,0.05,r,0.0,,run1,ELIGIBLE_FORMAL_N_GE_30,POSITIVE_SIGNIFICANT
national49_standardized_500m,WV,WUI-S,500,p_a,55,0,0.557854376418,-0.018518518519,0.00862950154,6.204555786916,5.49e-10,True,FORMAL_COMPLETE,fd33e46e62f77c54f68f8071dda60e66046d09ef080d587cfff97c5516571554,county_within_state_patch75_500m,WUI-S,area_proportion,0.447526217292,0.163656317435,0.05,r,0.0,,run1,ELIGIBLE_FORMAL_N_GE_30,POSITIVE_SIGNIFICANT
national49_standardized_500m,WV,WUI-S,500,p_s,55,0,0.509627426171,-0.018518518519,0.00862950154,5.685400903208,1.3051e-08,True,FORMAL_COMPLETE,fd33e46e62f77c54f68f8071dda60e66046d09ef080d587cfff97c5516571554,county_within_state_patch75_500m,WUI-S,structure_proportion,0.887186082075,0.14321989644,0.05,r,0.0,,run1,ELIGIBLE_FORMAL_N_GE_30,POSITIVE_SIGNIFICANT
national49_standardized_500m,WV,WUI-Z,500,p_a,55,0,0.553768987978,-0.018518518519,0.00862950154,6.160577278021,7.25e-10,True,FORMAL_COMPLETE,fd33e46e62f77c54f68f8071dda60e66046d09ef080d587cfff97c5516571554,county_within_state_patch75_500m,WUI-P,area_proportion,0.300846998176,0.189208280186,0.05,r,0.0,,run1,ELIGIBLE_FORMAL_N_GE_30,POSITIVE_SIGNIFICANT
national49_standardized_500m,WY,WUI-P,500,p_a,23,0,,,,,,,EXCLUDED_N_LT_30,e909f588cd9b7f46237d10c99d6a7a2be5540c1f8c8fea38f30b7ebb50dc294c,county_within_state_patch75_500m,WUI-P,area_proportion,0.035488778622,0.023076002831,0.05,r,0.0,,run1,EXCLUDED_N_LT_30,UNDEFINED
national49_standardized_500m,WY,WUI-P,500,p_s,23,0,,,,,,,EXCLUDED_N_LT_30,e909f588cd9b7f46237d10c99d6a7a2be5540c1f8c8fea38f30b7ebb50dc294c,county_within_state_patch75_500m,WUI-P,structure_proportion,0.726025847881,0.167534342064,0.05,r,0.0,,run1,EXCLUDED_N_LT_30,UNDEFINED
national49_standardized_500m,WY,WUI-S,500,p_a,23,0,,,,,,,EXCLUDED_N_LT_30,e909f588cd9b7f46237d10c99d6a7a2be5540c1f8c8fea38f30b7ebb50dc294c,county_within_state_patch75_500m,WUI-S,area_proportion,0.041519934089,0.020912318104,0.05,r,0.0,,run1,EXCLUDED_N_LT_30,UNDEFINED
national49_standardized_500m,WY,WUI-S,500,p_s,23,0,,,,,,,EXCLUDED_N_LT_30,e909f588cd9b7f46237d10c99d6a7a2be5540c1f8c8fea38f30b7ebb50dc294c,county_within_state_patch75_500m,WUI-S,structure_proportion,0.819016730657,0.115759827584,0.05,r,0.0,,run1,EXCLUDED_N_LT_30,UNDEFINED
national49_standardized_500m,WY,WUI-Z,500,p_a,23,0,,,,,,,EXCLUDED_N_LT_30,e909f588cd9b7f46237d10c99d6a7a2be5540c1f8c8fea38f30b7ebb50dc294c,county_within_state_patch75_500m,WUI-P,area_proportion,0.010588235908,0.008594088089,0.05,r,0.0,,run1,EXCLUDED_N_LT_30,UNDEFINED
